DateKey,ProductKey,QuantityOnHand,QuantityOrdered
14030106,62,40,0
14030113,62,35,0
14030120,62,39,0
14030127,62,36,0
14030203,62,33,0
14030210,62,34,0
14030217,62,29,0
14030224,62,24,0
14030231,62,24,0
14030106,79,20,0
14030113,79,19,0
14030120,79,15,0
14030127,79,14,0
14030203,79,12,0
14030210,79,16,0
14030217,79,18,0
14030224,79,17,0
14030231,79,16,0
14030106,85,56,0
14030113,85,54,0
14030120,85,57,0
14030127,85,55,0
14030203,85,54,0
14030210,85,54,0
14030217,85,50,0
14030224,85,47,0
14030231,85,48,0
14030106,106,57,0
14030113,106,54,0
14030120,106,55,0
14030127,106,59,0
14030203,106,55,0
14030210,106,56,0
14030217,106,59,0
14030224,106,63,0
14030231,106,58,0
14030106,211,19,0
14030113,211,21,0
14030120,211,24,0
14030127,211,27,0
14030203,211,30,0
14030210,211,34,0
14030217,211,32,0
14030224,211,36,0
14030231,211,33,0
14030106,248,326,0
14030113,248,324,0
14030120,248,327,0
14030127,248,329,0
14030203,248,329,0
14030210,248,326,0
14030217,248,328,0
14030224,248,331,0
14030231,248,334,0
14030106,412,41,0
14030113,412,41,0
14030120,412,41,0
14030127,412,44,0
14030203,412,40,0
14030210,412,41,0
14030217,412,41,0
14030224,412,37,0
14030231,412,35,0
14030106,455,550,0
14030113,455,552,0
14030120,455,553,0
14030127,455,557,0
14030203,455,555,0
14030210,455,554,0
14030217,455,554,0
14030224,455,554,0
14030231,455,556,0
14030106,466,89,0
14030113,466,90,0
14030120,466,94,0
14030127,466,98,0
14030203,466,95,0
14030210,466,98,0
14030217,466,96,0
14030224,466,96,0
14030231,466,97,0
14030106,475,53,0
14030113,475,51,0
14030120,475,48,0
14030127,475,45,0
14030203,475,44,0
14030210,475,47,0
14030217,475,50,0
14030224,475,51,0
14030231,475,47,0
14030106,489,50,0
14030113,489,46,0
14030120,489,44,0
14030127,489,48,0
14030203,489,48,0
14030210,489,46,0
14030217,489,45,0
14030224,489,42,0
14030231,489,39,0
14030106,502,26,0
14030113,502,21,0
14030120,502,20,0
14030127,502,24,0
14030203,502,23,0
14030210,502,24,0
14030217,502,27,0
14030224,502,22,0
14030231,502,24,0
14030106,505,154,0
14030113,505,154,0
14030120,505,156,0
14030127,505,154,0
14030203,505,158,0
14030210,505,157,0
14030217,505,156,0
14030224,505,151,0
14030231,505,151,0
14030106,572,47,0
14030113,572,50,0
14030120,572,51,0
14030127,572,49,0
14030203,572,50,0
14030210,572,48,0
14030217,572,46,0
14030224,572,46,0
14030231,572,49,0
14030106,586,98,0
14030113,586,101,0
14030120,586,100,0
14030127,586,99,0
14030203,586,102,0
14030210,586,102,0
14030217,586,99,0
14030224,586,95,0
14030231,586,91,0
14030106,610,358,0
14030113,610,361,0
14030120,610,356,0
14030127,610,357,0
14030203,610,361,0
14030210,610,365,0
14030217,610,364,0
14030224,610,368,0
14030231,610,371,0
14030106,629,27,0
14030113,629,30,0
14030120,629,29,0
14030127,629,30,0
14030203,629,30,0
14030210,629,26,0
14030217,629,25,0
14030224,629,24,0
14030231,629,22,0
14030106,678,32,0
14030113,678,27,0
14030120,678,31,0
14030127,678,30,0
14030203,678,34,0
14030210,678,32,0
14030217,678,28,0
14030224,678,26,0
14030231,678,23,0
14030106,725,62,0
14030113,725,64,0
14030120,725,59,0
14030127,725,57,0
14030203,725,58,0
14030210,725,57,0
14030217,725,58,0
14030224,725,58,0
14030231,725,61,0
14030106,734,260,0
14030113,734,256,0
14030120,734,253,0
14030127,734,253,0
14030203,734,251,0
14030210,734,249,0
14030217,734,245,0
14030224,734,247,0
14030231,734,245,0
14030106,749,42,0
14030113,749,42,0
14030120,749,37,0
14030127,749,32,0
14030203,749,28,0
14030210,749,27,0
14030217,749,29,0
14030224,749,24,0
14030231,749,20,0
14030106,771,78,0
14030113,771,78,0
14030120,771,79,0
14030127,771,78,0
14030203,771,73,0
14030210,771,72,0
14030217,771,74,0
14030224,771,73,0
14030231,771,69,0
14030106,825,38,0
14030113,825,42,0
14030120,825,43,0
14030127,825,41,0
14030203,825,41,0
14030210,825,38,0
14030217,825,34,0
14030224,825,31,0
14030231,825,27,0
14030106,865,1276,0
14030113,865,1276,0
14030120,865,1273,0
14030127,865,1274,0
14030203,865,1275,0
14030210,865,1276,0
14030217,865,1276,0
14030224,865,1271,0
14030231,865,1274,0
14030106,985,69,0
14030113,985,68,0
14030120,985,72,0
14030127,985,73,0
14030203,985,70,0
14030210,985,71,0
14030217,985,73,0
14030224,985,71,0
14030231,985,69,0
14030106,1017,108,0
14030113,1017,108,0
14030120,1017,111,0
14030127,1017,110,0
14030203,1017,105,0
14030210,1017,105,0
14030217,1017,108,0
14030224,1017,107,0
14030231,1017,104,0
14030106,1039,95,0
14030113,1039,98,0
14030120,1039,101,0
14030127,1039,104,0
14030203,1039,100,0
14030210,1039,102,0
14030217,1039,97,0
14030224,1039,100,0
14030231,1039,98,0
14030106,1116,127,0
14030113,1116,124,0
14030120,1116,125,0
14030127,1116,125,0
14030203,1116,123,0
14030210,1116,119,0
14030217,1116,122,0
14030224,1116,125,0
14030231,1116,124,0
14030106,1128,300,0
14030113,1128,301,0
14030120,1128,299,0
14030127,1128,297,0
14030203,1128,294,0
14030210,1128,292,0
14030217,1128,291,0
14030224,1128,286,0
14030231,1128,284,0
14030106,1265,74,0
14030113,1265,70,0
14030120,1265,71,0
14030127,1265,67,0
14030203,1265,66,0
14030210,1265,69,0
14030217,1265,64,0
14030224,1265,68,0
14030231,1265,67,0
14030106,1282,21,0
14030113,1282,24,0
14030120,1282,20,0
14030127,1282,21,0
14030203,1282,25,0
14030210,1282,26,0
14030217,1282,30,0
14030224,1282,27,0
14030231,1282,26,0
14030106,1290,80,0
14030113,1290,76,0
14030120,1290,78,0
14030127,1290,78,0
14030203,1290,76,0
14030210,1290,74,0
14030217,1290,78,0
14030224,1290,81,0
14030231,1290,76,0
14030106,1313,241,0
14030113,1313,237,0
14030120,1313,232,0
14030127,1313,235,0
14030203,1313,235,0
14030210,1313,235,0
14030217,1313,239,0
14030224,1313,235,0
14030231,1313,232,0
14030106,1355,771,0
14030113,1355,771,0
14030120,1355,773,0
14030127,1355,773,0
14030203,1355,774,0
14030210,1355,778,0
14030217,1355,773,0
14030224,1355,777,0
14030231,1355,778,0
14030106,1479,91,0
14030113,1479,94,0
14030120,1479,96,0
14030127,1479,100,0
14030203,1479,99,0
14030210,1479,98,0
14030217,1479,99,0
14030224,1479,100,0
14030231,1479,103,0
14030106,1492,91,0
14030113,1492,89,0
14030120,1492,89,0
14030127,1492,89,0
14030203,1492,93,0
14030210,1492,93,0
14030217,1492,90,0
14030224,1492,86,0
14030231,1492,89,0
14030106,1644,146,0
14030113,1644,142,0
14030120,1644,138,0
14030127,1644,133,0
14030203,1644,130,0
14030210,1644,128,0
14030217,1644,129,0
14030224,1644,125,0
14030231,1644,124,0
14030106,1715,88,0
14030113,1715,92,0
14030120,1715,92,0
14030127,1715,95,0
14030203,1715,96,0
14030210,1715,97,0
14030217,1715,100,0
14030224,1715,101,0
14030231,1715,99,0
14030106,1828,68,0
14030113,1828,72,0
14030120,1828,70,0
14030127,1828,71,0
14030203,1828,70,0
14030210,1828,71,0
14030217,1828,74,0
14030224,1828,72,0
14030231,1828,67,0
14030106,1861,112,0
14030113,1861,108,0
14030120,1861,104,0
14030127,1861,108,0
14030203,1861,105,0
14030210,1861,100,0
14030217,1861,102,0
14030224,1861,101,0
14030231,1861,98,0
14030106,1930,560,0
14030113,1930,557,0
14030120,1930,560,0
14030127,1930,563,0
14030203,1930,564,0
14030210,1930,559,0
14030217,1930,561,0
14030224,1930,558,0
14030231,1930,560,0
14030106,2039,24,0
14030113,2039,20,0
14030120,2039,16,0
14030127,2039,16,0
14030203,2039,12,0
14030210,2039,13,18
14030217,2039,14,0
14030224,2039,32,0
14030231,2039,31,0
14030106,2095,59,0
14030113,2095,58,0
14030120,2095,56,0
14030127,2095,53,0
14030203,2095,48,0
14030210,2095,49,0
14030217,2095,49,0
14030224,2095,51,0
14030231,2095,46,0
14030106,2190,118,0
14030113,2190,116,0
14030120,2190,114,0
14030127,2190,118,0
14030203,2190,117,0
14030210,2190,112,0
14030217,2190,110,0
14030224,2190,106,0
14030231,2190,102,0
14030106,2237,73,0
14030113,2237,72,0
14030120,2237,69,0
14030127,2237,64,0
14030203,2237,67,0
14030210,2237,68,0
14030217,2237,63,0
14030224,2237,60,0
14030231,2237,57,0
14030106,2314,16,0
14030113,2314,16,0
14030120,2314,11,0
14030127,2314,7,0
14030203,2314,5,14
14030210,2314,0,14
14030217,2314,0,14
14030224,2314,0,14
14030231,2314,0,14
14030106,2364,93,0
14030113,2364,96,0
14030120,2364,96,0
14030127,2364,97,0
14030203,2364,93,0
14030210,2364,89,0
14030217,2364,85,0
14030224,2364,82,0
14030231,2364,80,0
14030106,2380,102,0
14030113,2380,101,0
14030120,2380,103,0
14030127,2380,105,0
14030203,2380,105,0
14030210,2380,108,0
14030217,2380,108,0
14030224,2380,107,0
14030231,2380,110,0
14030106,2442,20,0
14030113,2442,21,0
14030120,2442,16,0
14030127,2442,14,0
14030203,2442,13,0
14030210,2442,8,0
14030217,2442,12,16
14030224,2442,13,0
14030231,2442,30,0
14030106,2456,38,0
14030113,2456,33,0
14030120,2456,29,0
14030127,2456,26,0
14030203,2456,30,0
14030210,2456,34,0
14030217,2456,37,0
14030224,2456,34,0
14030231,2456,29,0
