CustomerKey,CustomerCode,ShopName,OwnerName,City,Province,CustomerType,JoinDate,CreditLimit
1,CUST-0001,بازار پخش اسباب‌بازی اهواز,مهدی حسینی,اهواز,خوزستان,عمده‌فروش,1403/08/13,193524658
2,CUST-0002,کلبه اسباب‌بازی قم,ناصر جعفری,قم,قم,عمده‌فروش,1403/02/02,475850010
3,CUST-0003,پخش کودک تبریز,حمید قاسمی,تبریز,آذربایجان شرقی,خاص,1403/01/28,368677031
4,CUST-0004,کلبه بازی زاهدان,رضا صادقی,زاهدان,سیستان و بلوچستان,خرده‌فروش,1404/08/22,303342657
5,CUST-0005,مرکز پخش اسباب‌بازی تهران,سعید موسوی,تهران,تهران,عمده‌فروش,1403/10/09,86449133
6,CUST-0006,بچه‌ها اسباب‌بازی همدان,محمد جعفری,همدان,همدان,خرده‌فروش,1403/04/07,86437314
7,CUST-0007,دنیای تویز سنندج,مصطفی احمدی,سنندج,کردستان,خاص,1404/04/12,38460969
8,CUST-0008,شادی اسباب‌بازی اهواز,حمید کریمی,اهواز,خوزستان,خاص,1404/10/02,434426311
9,CUST-0009,دنیای کودک ایلام,فرشاد محمدی,ایلام,ایلام,خاص,1403/02/16,304546355
10,CUST-0010,تویز اسباب‌بازی کرمانشاه,جواد حسینی,کرمانشاه,کرمانشاه,خرده‌فروش,1403/04/11,356955563
11,CUST-0011,فانتزی پخش اسباب‌بازی ساری,جواد موسوی,ساری,مازندران,خرده‌فروش,1403/06/12,20086402
12,CUST-0012,پخش پخش اسباب‌بازی سنندج,مهدی عباسی,سنندج,کردستان,خاص,1404/11/28,485255827
13,CUST-0013,دنیای پخش اسباب‌بازی شیراز,حسین نوری,شیراز,فارس,عمده‌فروش,1403/09/05,417896893
14,CUST-0014,شادی تویز سمنان,بهرام هاشمی,سمنان,سمنان,عمده‌فروش,1404/07/19,114046164
15,CUST-0015,بازار کودک قزوین,جواد احمدی,قزوین,قزوین,خرده‌فروش,1403/11/18,99094233
16,CUST-0016,فروشگاه کودک ساری,بهرام قاسمی,ساری,مازندران,عمده‌فروش,1403/11/17,99868209
17,CUST-0017,شادی پخش اسباب‌بازی قشم,مجید رضایی,قشم,هرمزگان,عمده‌فروش,1403/09/26,159078699
18,CUST-0018,کلبه سرگرمی بندرعباس,مهدی عباسی,بندرعباس,هرمزگان,خرده‌فروش,1404/08/17,267130651
19,CUST-0019,بچه‌ها کودک بجنورد,حسین نوری,بجنورد,خراسان شمالی,عمده‌فروش,1404/05/16,221653059
20,CUST-0020,فروشگاه کودک کرج,اکبر رضایی,کرج,البرز,خرده‌فروش,1404/11/25,152702278
21,CUST-0021,شادی بازی شیراز,ناصر صادقی,شیراز,فارس,خرده‌فروش,1404/06/21,309807918
22,CUST-0022,فروشگاه پخش اسباب‌بازی تهران,بهرام نوری,تهران,تهران,خاص,1403/09/28,78351991
23,CUST-0023,فروشگاه تویز خرم‌آباد,سعید رضایی,خرم‌آباد,لرستان,عمده‌فروش,1404/04/06,153150877
24,CUST-0024,کلبه کودک اراک,حمید شریفی,اراک,مرکزی,خاص,1403/04/16,189517303
25,CUST-0025,کلبه سرگرمی بوشهر,رضا رضایی,بوشهر,بوشهر,عمده‌فروش,1404/01/17,233474292
26,CUST-0026,دنیای تویز تهران,مجید احمدی,تهران,تهران,خرده‌فروش,1403/04/22,394736221
27,CUST-0027,پخش اسباب‌بازی بوشهر,رضا شریفی,بوشهر,بوشهر,عمده‌فروش,1404/07/29,107840153
28,CUST-0028,فانتزی اسباب‌بازی تبریز,مصطفی نوری,تبریز,آذربایجان شرقی,عمده‌فروش,1403/05/05,261974874
29,CUST-0029,کلبه کودک یاسوج,مهدی نوری,یاسوج,کهگیلویه و بویراحمد,خرده‌فروش,1404/09/10,300283138
30,CUST-0030,کلبه پخش اسباب‌بازی همدان,فرشاد حسینی,همدان,همدان,خرده‌فروش,1403/11/14,32760702
31,CUST-0031,فانتزی سرگرمی ایلام,مجید محمدی,ایلام,ایلام,عمده‌فروش,1403/09/08,307696977
32,CUST-0032,بچه‌ها اسباب‌بازی شیراز,ناصر نوری,شیراز,فارس,خاص,1403/08/20,93556820
33,CUST-0033,بازار اسباب‌بازی کرمانشاه,فرشاد هاشمی,کرمانشاه,کرمانشاه,عمده‌فروش,1403/02/30,41875280
34,CUST-0034,بازار تویز شیراز,محمد نوری,شیراز,فارس,خرده‌فروش,1403/08/28,474953913
35,CUST-0035,پخش سرگرمی قشم,حسین عباسی,قشم,هرمزگان,خاص,1404/08/03,483159696
36,CUST-0036,پخش بازی یاسوج,مصطفی جعفری,یاسوج,کهگیلویه و بویراحمد,عمده‌فروش,1403/07/09,406114700
37,CUST-0037,شادی تویز قم,سعید جعفری,قم,قم,خاص,1404/04/20,159260746
38,CUST-0038,فروشگاه اسباب‌بازی کرج,سعید عباسی,کرج,البرز,عمده‌فروش,1403/12/12,57859335
39,CUST-0039,پخش کودک بندرعباس,حمید صادقی,بندرعباس,هرمزگان,خرده‌فروش,1403/05/20,345274182
40,CUST-0040,تویز بازی یزد,رضا رحیمی,یزد,یزد,خرده‌فروش,1403/03/16,225674721
41,CUST-0041,بازار پخش اسباب‌بازی قم,حمید رحیمی,قم,قم,عمده‌فروش,1403/01/16,69798735
42,CUST-0042,مرکز بازی بندرعباس,مجید صادقی,بندرعباس,هرمزگان,خرده‌فروش,1403/08/03,252636685
43,CUST-0043,مرکز بازی کرج,علی جعفری,کرج,البرز,خرده‌فروش,1403/09/26,26850375
44,CUST-0044,شادی پخش اسباب‌بازی گرگان,فرشاد میرزایی,گرگان,گلستان,خاص,1404/07/18,455566997
45,CUST-0045,مرکز کودک قشم,مهدی حسینی,قشم,هرمزگان,خاص,1403/02/29,136802190
46,CUST-0046,بچه‌ها اسباب‌بازی کرج,علی قاسمی,کرج,البرز,خاص,1404/04/30,334635919
47,CUST-0047,بازار سرگرمی ارومیه,محمد رحیمی,ارومیه,آذربایجان غربی,عمده‌فروش,1403/07/05,162738427
48,CUST-0048,پخش بازی شیراز,محمد شریفی,شیراز,فارس,عمده‌فروش,1404/08/02,264833330
49,CUST-0049,دنیای اسباب‌بازی اصفهان,سعید هاشمی,اصفهان,اصفهان,خاص,1404/08/16,277888036
50,CUST-0050,تویز کودک قزوین,اکبر عباسی,قزوین,قزوین,عمده‌فروش,1403/11/16,100578683
51,CUST-0051,شادی کودک اراک,اکبر هاشمی,اراک,مرکزی,خرده‌فروش,1403/11/02,485096467
52,CUST-0052,فروشگاه اسباب‌بازی قزوین,مجید قاسمی,قزوین,قزوین,عمده‌فروش,1404/07/25,389815083
53,CUST-0053,کلبه کودک شیراز,حمید کریمی,شیراز,فارس,خرده‌فروش,1403/05/12,470354481
54,CUST-0054,پخش تویز شیراز,مهدی رضایی,شیراز,فارس,خاص,1404/03/21,448465401
55,CUST-0055,دنیای پخش اسباب‌بازی بوشهر,حمید احمدی,بوشهر,بوشهر,خاص,1404/11/12,302970989
56,CUST-0056,فروشگاه کودک بوشهر,مهدی محمدی,بوشهر,بوشهر,خاص,1403/04/17,461718375
57,CUST-0057,تویز تویز کرمان,ناصر حسینی,کرمان,کرمان,عمده‌فروش,1403/12/16,53361326
58,CUST-0058,کلبه بازی اراک,مهدی شریفی,اراک,مرکزی,عمده‌فروش,1403/02/22,106031602
59,CUST-0059,تویز اسباب‌بازی زنجان,علی موسوی,زنجان,زنجان,خاص,1403/05/10,32161371
60,CUST-0060,مرکز پخش اسباب‌بازی اراک,مجید نوری,اراک,مرکزی,خاص,1404/03/10,169411862
61,CUST-0061,فروشگاه اسباب‌بازی تهران,بهرام عباسی,تهران,تهران,خاص,1403/05/29,200451871
62,CUST-0062,بچه‌ها سرگرمی اصفهان,حمید رضایی,اصفهان,اصفهان,عمده‌فروش,1404/03/13,142961025
63,CUST-0063,تویز تویز اصفهان,بهرام شریفی,اصفهان,اصفهان,خرده‌فروش,1403/02/10,416081379
64,CUST-0064,پخش پخش اسباب‌بازی همدان,محمد موسوی,همدان,همدان,خرده‌فروش,1404/07/22,184809130
65,CUST-0065,پخش کودک کرمان,مصطفی میرزایی,کرمان,کرمان,خرده‌فروش,1403/06/27,147657909
66,CUST-0066,مرکز پخش اسباب‌بازی مشهد,بهرام موسوی,مشهد,خراسان رضوی,خاص,1404/02/25,275921080
67,CUST-0067,تویز کودک بندرعباس,مصطفی عباسی,بندرعباس,هرمزگان,خرده‌فروش,1403/04/18,79052870
68,CUST-0068,فانتزی کودک اصفهان,رضا رحیمی,اصفهان,اصفهان,خرده‌فروش,1404/04/13,403076520
69,CUST-0069,پخش کودک بوشهر,علی هاشمی,بوشهر,بوشهر,خرده‌فروش,1403/07/12,46529815
70,CUST-0070,تویز اسباب‌بازی خرم‌آباد,مصطفی کریمی,خرم‌آباد,لرستان,خاص,1403/12/24,493574598
71,CUST-0071,شادی پخش اسباب‌بازی کیش,جواد نوری,کیش,هرمزگان,عمده‌فروش,1403/12/04,388399936
72,CUST-0072,تویز کودک اهواز,ناصر کریمی,اهواز,خوزستان,عمده‌فروش,1403/02/09,107370683
73,CUST-0073,بچه‌ها پخش اسباب‌بازی زنجان,مصطفی موسوی,زنجان,زنجان,خاص,1404/03/19,12705837
74,CUST-0074,فروشگاه بازی کیش,بهرام قاسمی,کیش,هرمزگان,خرده‌فروش,1403/07/09,409576099
75,CUST-0075,شادی اسباب‌بازی اصفهان,حمید شریفی,اصفهان,اصفهان,خاص,1404/06/31,356360098
76,CUST-0076,بچه‌ها بازی زاهدان,محمد هاشمی,زاهدان,سیستان و بلوچستان,خاص,1403/12/03,367213512
77,CUST-0077,فروشگاه پخش اسباب‌بازی قزوین,بهرام کریمی,قزوین,قزوین,خرده‌فروش,1404/05/30,387922469
78,CUST-0078,بچه‌ها بازی اردبیل,فرشاد کریمی,اردبیل,اردبیل,عمده‌فروش,1404/07/16,46281879
79,CUST-0079,شادی پخش اسباب‌بازی زاهدان,سعید هاشمی,زاهدان,سیستان و بلوچستان,خاص,1403/06/24,185648206
80,CUST-0080,شادی سرگرمی بوشهر,جواد احمدی,بوشهر,بوشهر,خرده‌فروش,1403/11/06,66775839
81,CUST-0081,شادی سرگرمی همدان,ناصر هاشمی,همدان,همدان,خرده‌فروش,1403/11/24,432920678
82,CUST-0082,فانتزی پخش اسباب‌بازی شهرکرد,رضا نوری,شهرکرد,چهارمحال و بختیاری,خاص,1404/04/26,315416082
83,CUST-0083,فروشگاه تویز ارومیه,حمید هاشمی,ارومیه,آذربایجان غربی,خاص,1404/10/07,172140032
84,CUST-0084,فروشگاه کودک خرم‌آباد,اکبر کریمی,خرم‌آباد,لرستان,عمده‌فروش,1403/08/15,41143591
85,CUST-0085,بازار اسباب‌بازی کرمان,رضا صادقی,کرمان,کرمان,عمده‌فروش,1404/09/14,162381337
86,CUST-0086,شادی پخش اسباب‌بازی سمنان,ناصر حسینی,سمنان,سمنان,خرده‌فروش,1404/01/28,169339827
87,CUST-0087,پخش کودک بجنورد,اکبر عباسی,بجنورد,خراسان شمالی,عمده‌فروش,1403/01/06,367507027
88,CUST-0088,پخش کودک زنجان,مصطفی عباسی,زنجان,زنجان,خرده‌فروش,1404/06/10,322403160
89,CUST-0089,کلبه کودک کرج,بهرام رحیمی,کرج,البرز,خرده‌فروش,1403/05/01,444734243
90,CUST-0090,فانتزی پخش اسباب‌بازی رشت,حمید نوری,رشت,گیلان,خرده‌فروش,1404/08/28,241385313
91,CUST-0091,دنیای پخش اسباب‌بازی شهرکرد,بهرام نوری,شهرکرد,چهارمحال و بختیاری,خاص,1404/03/09,68601180
92,CUST-0092,مرکز پخش اسباب‌بازی شهرکرد,جواد صادقی,شهرکرد,چهارمحال و بختیاری,خرده‌فروش,1404/04/02,359489945
93,CUST-0093,تویز سرگرمی بندرعباس,مجید هاشمی,بندرعباس,هرمزگان,خرده‌فروش,1403/08/29,382784673
94,CUST-0094,فروشگاه پخش اسباب‌بازی شهرکرد,مهدی حسینی,شهرکرد,چهارمحال و بختیاری,خرده‌فروش,1403/10/03,285025826
95,CUST-0095,کلبه اسباب‌بازی قزوین,حسین رضایی,قزوین,قزوین,خرده‌فروش,1403/08/21,387773918
96,CUST-0096,پخش اسباب‌بازی کرمان,سعید جعفری,کرمان,کرمان,خاص,1403/12/03,251959842
97,CUST-0097,شادی اسباب‌بازی سمنان,رضا رحیمی,سمنان,سمنان,خرده‌فروش,1404/03/03,266139086
98,CUST-0098,دنیای بازی مشهد,مجید احمدی,مشهد,خراسان رضوی,خرده‌فروش,1403/12/25,219495098
99,CUST-0099,شادی سرگرمی بیرجند,فرشاد عباسی,بیرجند,خراسان جنوبی,خاص,1404/07/08,22455372
100,CUST-0100,فانتزی کودک کرمانشاه,مهدی جعفری,کرمانشاه,کرمانشاه,عمده‌فروش,1404/05/08,62866799
101,CUST-0101,بچه‌ها پخش اسباب‌بازی بیرجند,اکبر میرزایی,بیرجند,خراسان جنوبی,خاص,1404/02/18,25400300
102,CUST-0102,فانتزی کودک ارومیه,ناصر نوری,ارومیه,آذربایجان غربی,خرده‌فروش,1403/01/28,321841101
103,CUST-0103,فروشگاه پخش اسباب‌بازی مشهد,سعید رضایی,مشهد,خراسان رضوی,عمده‌فروش,1404/04/14,164034430
104,CUST-0104,تویز بازی کرج,امیر حسینی,کرج,البرز,خرده‌فروش,1404/04/07,259199638
105,CUST-0105,شادی تویز خرم‌آباد,مصطفی رحیمی,خرم‌آباد,لرستان,خرده‌فروش,1404/03/04,454707572
106,CUST-0106,فانتزی اسباب‌بازی تبریز,فرشاد نوری,تبریز,آذربایجان شرقی,خرده‌فروش,1403/02/23,132153192
107,CUST-0107,فروشگاه پخش اسباب‌بازی کرمانشاه,علی میرزایی,کرمانشاه,کرمانشاه,عمده‌فروش,1403/02/01,211087632
108,CUST-0108,بازار سرگرمی زاهدان,حسین حسینی,زاهدان,سیستان و بلوچستان,خرده‌فروش,1403/05/06,380220057
109,CUST-0109,دنیای کودک اهواز,مجید عباسی,اهواز,خوزستان,خرده‌فروش,1403/09/17,122111101
110,CUST-0110,دنیای سرگرمی ارومیه,فرشاد عباسی,ارومیه,آذربایجان غربی,عمده‌فروش,1403/04/25,47720155
111,CUST-0111,فروشگاه سرگرمی بوشهر,علی شریفی,بوشهر,بوشهر,خاص,1403/11/14,151978211
112,CUST-0112,شادی پخش اسباب‌بازی بیرجند,رضا محمدی,بیرجند,خراسان جنوبی,خاص,1404/08/25,88998430
113,CUST-0113,فروشگاه پخش اسباب‌بازی بندرعباس,مصطفی کریمی,بندرعباس,هرمزگان,عمده‌فروش,1404/09/03,465551849
114,CUST-0114,بچه‌ها سرگرمی اصفهان,سعید هاشمی,اصفهان,اصفهان,عمده‌فروش,1404/01/14,405978985
115,CUST-0115,بچه‌ها اسباب‌بازی کیش,جواد جعفری,کیش,هرمزگان,عمده‌فروش,1404/05/12,320367840
116,CUST-0116,بچه‌ها پخش اسباب‌بازی زنجان,بهرام رحیمی,زنجان,زنجان,خاص,1404/04/12,437015689
117,CUST-0117,شادی کودک کرمان,فرشاد نوری,کرمان,کرمان,خرده‌فروش,1404/10/25,403799317
118,CUST-0118,فانتزی بازی یاسوج,جواد عباسی,یاسوج,کهگیلویه و بویراحمد,خرده‌فروش,1404/08/25,101419328
119,CUST-0119,پخش اسباب‌بازی قزوین,مهدی شریفی,قزوین,قزوین,عمده‌فروش,1404/04/03,447353909
120,CUST-0120,دنیای سرگرمی سمنان,اکبر جعفری,سمنان,سمنان,عمده‌فروش,1403/12/09,274277698
121,CUST-0121,بچه‌ها کودک قشم,مجید حسینی,قشم,هرمزگان,خرده‌فروش,1403/12/28,405645676
122,CUST-0122,تویز سرگرمی خرم‌آباد,فرشاد شریفی,خرم‌آباد,لرستان,خاص,1403/10/07,449084736
123,CUST-0123,کلبه کودک تهران,محمد حسینی,تهران,تهران,خرده‌فروش,1404/02/20,165821702
124,CUST-0124,فانتزی پخش اسباب‌بازی بندرعباس,فرشاد صادقی,بندرعباس,هرمزگان,عمده‌فروش,1404/03/31,63925443
125,CUST-0125,تویز کودک تبریز,سعید عباسی,تبریز,آذربایجان شرقی,خرده‌فروش,1403/09/04,121688229
126,CUST-0126,فانتزی سرگرمی ایلام,حمید موسوی,ایلام,ایلام,خاص,1404/03/08,219282816
127,CUST-0127,بچه‌ها پخش اسباب‌بازی خرم‌آباد,مجید کریمی,خرم‌آباد,لرستان,خرده‌فروش,1403/11/08,410827235
128,CUST-0128,فروشگاه پخش اسباب‌بازی کرمانشاه,رضا موسوی,کرمانشاه,کرمانشاه,خاص,1403/04/30,431757985
129,CUST-0129,پخش کودک یزد,فرشاد صادقی,یزد,یزد,خاص,1403/10/08,13406543
130,CUST-0130,فروشگاه کودک گرگان,مهدی حسینی,گرگان,گلستان,عمده‌فروش,1404/01/04,260266178
131,CUST-0131,بازار پخش اسباب‌بازی بوشهر,حمید رضایی,بوشهر,بوشهر,عمده‌فروش,1403/10/05,214531391
132,CUST-0132,کلبه تویز کرج,فرشاد رضایی,کرج,البرز,خرده‌فروش,1404/10/12,118832827
133,CUST-0133,بازار سرگرمی قم,مهدی صادقی,قم,قم,خرده‌فروش,1404/05/01,68734029
134,CUST-0134,مرکز اسباب‌بازی خرم‌آباد,مهدی رحیمی,خرم‌آباد,لرستان,عمده‌فروش,1404/04/31,175431433
135,CUST-0135,شادی بازی شیراز,محمد قاسمی,شیراز,فارس,خاص,1404/10/03,472025754
136,CUST-0136,مرکز کودک کرج,مصطفی قاسمی,کرج,البرز,عمده‌فروش,1403/11/06,168369436
137,CUST-0137,فروشگاه سرگرمی بندرعباس,مصطفی جعفری,بندرعباس,هرمزگان,خاص,1404/09/09,264207404
138,CUST-0138,کلبه بازی کرمانشاه,مجید شریفی,کرمانشاه,کرمانشاه,خرده‌فروش,1404/03/26,354479289
139,CUST-0139,تویز سرگرمی زنجان,ناصر احمدی,زنجان,زنجان,خاص,1404/09/13,188178505
140,CUST-0140,پخش پخش اسباب‌بازی قم,رضا کریمی,قم,قم,عمده‌فروش,1404/11/05,486173220
141,CUST-0141,پخش کودک ارومیه,حمید محمدی,ارومیه,آذربایجان غربی,عمده‌فروش,1403/06/06,481599174
142,CUST-0142,فانتزی پخش اسباب‌بازی اردبیل,ناصر صادقی,اردبیل,اردبیل,عمده‌فروش,1403/10/23,133373324
143,CUST-0143,تویز پخش اسباب‌بازی کرمانشاه,مهدی عباسی,کرمانشاه,کرمانشاه,عمده‌فروش,1404/04/06,253651767
144,CUST-0144,تویز پخش اسباب‌بازی کرمانشاه,ناصر هاشمی,کرمانشاه,کرمانشاه,خرده‌فروش,1403/07/17,157430371
145,CUST-0145,کلبه کودک اهواز,اکبر رضایی,اهواز,خوزستان,عمده‌فروش,1403/09/27,149571842
146,CUST-0146,بازار کودک شیراز,مصطفی کریمی,شیراز,فارس,خاص,1404/08/28,28074604
147,CUST-0147,فانتزی اسباب‌بازی گرگان,مجید عباسی,گرگان,گلستان,خاص,1403/11/06,308686523
148,CUST-0148,تویز سرگرمی بجنورد,حمید صادقی,بجنورد,خراسان شمالی,عمده‌فروش,1404/03/21,256312721
149,CUST-0149,شادی پخش اسباب‌بازی اصفهان,امیر قاسمی,اصفهان,اصفهان,عمده‌فروش,1403/09/11,35224588
150,CUST-0150,پخش پخش اسباب‌بازی تبریز,جواد رحیمی,تبریز,آذربایجان شرقی,خاص,1404/08/08,146536767
151,CUST-0151,تویز سرگرمی مشهد,علی میرزایی,مشهد,خراسان رضوی,خرده‌فروش,1403/06/25,455050284
152,CUST-0152,تویز کودک شهرکرد,ناصر جعفری,شهرکرد,چهارمحال و بختیاری,خرده‌فروش,1404/10/09,127385326
153,CUST-0153,فانتزی تویز تبریز,سعید موسوی,تبریز,آذربایجان شرقی,خاص,1403/11/23,80998487
154,CUST-0154,مرکز تویز قم,سعید عباسی,قم,قم,خرده‌فروش,1404/05/18,249831852
155,CUST-0155,کلبه اسباب‌بازی بجنورد,مجید محمدی,بجنورد,خراسان شمالی,خرده‌فروش,1403/11/17,492968722
156,CUST-0156,فروشگاه بازی قزوین,جواد نوری,قزوین,قزوین,خاص,1403/01/02,128607083
157,CUST-0157,شادی اسباب‌بازی سمنان,رضا نوری,سمنان,سمنان,خاص,1404/01/05,339346418
158,CUST-0158,فانتزی اسباب‌بازی قشم,رضا کریمی,قشم,هرمزگان,عمده‌فروش,1404/07/11,383193611
159,CUST-0159,فانتزی پخش اسباب‌بازی گرگان,مجید محمدی,گرگان,گلستان,خاص,1403/01/30,126442396
160,CUST-0160,مرکز تویز بندرعباس,حمید احمدی,بندرعباس,هرمزگان,خرده‌فروش,1404/07/14,366826010
161,CUST-0161,پخش اسباب‌بازی تبریز,مجید محمدی,تبریز,آذربایجان شرقی,عمده‌فروش,1404/10/22,190213735
162,CUST-0162,تویز سرگرمی قشم,فرشاد کریمی,قشم,هرمزگان,خرده‌فروش,1404/02/29,319829856
163,CUST-0163,پخش بازی یاسوج,حمید رضایی,یاسوج,کهگیلویه و بویراحمد,عمده‌فروش,1404/01/27,320429558
164,CUST-0164,مرکز اسباب‌بازی کیش,مهدی میرزایی,کیش,هرمزگان,خرده‌فروش,1404/02/28,272529595
165,CUST-0165,تویز اسباب‌بازی کیش,مهدی عباسی,کیش,هرمزگان,خاص,1403/10/30,54241987
166,CUST-0166,مرکز بازی قشم,حمید صادقی,قشم,هرمزگان,خرده‌فروش,1403/12/18,419298222
167,CUST-0167,فانتزی تویز بیرجند,جواد حسینی,بیرجند,خراسان جنوبی,خاص,1403/08/29,167182231
168,CUST-0168,پخش بازی بیرجند,علی موسوی,بیرجند,خراسان جنوبی,خاص,1404/04/26,101394070
169,CUST-0169,شادی پخش اسباب‌بازی بیرجند,مصطفی رحیمی,بیرجند,خراسان جنوبی,عمده‌فروش,1404/10/26,29979819
170,CUST-0170,بازار کودک قشم,حمید قاسمی,قشم,هرمزگان,عمده‌فروش,1403/12/04,299537542
171,CUST-0171,فروشگاه سرگرمی شهرکرد,بهرام صادقی,شهرکرد,چهارمحال و بختیاری,خاص,1403/01/16,342006537
172,CUST-0172,شادی پخش اسباب‌بازی کرمان,حسین محمدی,کرمان,کرمان,خرده‌فروش,1404/04/22,18128036
173,CUST-0173,دنیای پخش اسباب‌بازی خرم‌آباد,سعید هاشمی,خرم‌آباد,لرستان,خرده‌فروش,1403/03/21,260925598
174,CUST-0174,بچه‌ها پخش اسباب‌بازی بیرجند,فرشاد شریفی,بیرجند,خراسان جنوبی,خاص,1404/05/10,120982929
175,CUST-0175,دنیای اسباب‌بازی اصفهان,رضا هاشمی,اصفهان,اصفهان,عمده‌فروش,1403/10/19,326134667
176,CUST-0176,شادی اسباب‌بازی تبریز,مصطفی هاشمی,تبریز,آذربایجان شرقی,خرده‌فروش,1403/04/10,95439550
177,CUST-0177,تویز اسباب‌بازی ارومیه,علی موسوی,ارومیه,آذربایجان غربی,خرده‌فروش,1403/02/27,348559491
178,CUST-0178,بچه‌ها بازی سنندج,حسین حسینی,سنندج,کردستان,خرده‌فروش,1404/06/23,199500319
179,CUST-0179,مرکز کودک یزد,محمد قاسمی,یزد,یزد,خاص,1404/01/26,468997694
180,CUST-0180,فانتزی سرگرمی بندرعباس,حسین حسینی,بندرعباس,هرمزگان,خاص,1404/04/14,77385262
181,CUST-0181,فانتزی تویز اراک,اکبر احمدی,اراک,مرکزی,خرده‌فروش,1404/04/18,177122512
182,CUST-0182,فروشگاه بازی ارومیه,امیر قاسمی,ارومیه,آذربایجان غربی,خاص,1403/11/01,65602025
183,CUST-0183,تویز بازی زنجان,جواد کریمی,زنجان,زنجان,خرده‌فروش,1403/07/18,463099872
184,CUST-0184,فروشگاه کودک یاسوج,سعید قاسمی,یاسوج,کهگیلویه و بویراحمد,خاص,1404/01/02,439896283
185,CUST-0185,تویز اسباب‌بازی گرگان,جواد هاشمی,گرگان,گلستان,خرده‌فروش,1404/02/09,136391397
186,CUST-0186,دنیای پخش اسباب‌بازی تهران,مصطفی عباسی,تهران,تهران,خاص,1403/02/20,333392182
187,CUST-0187,تویز کودک قشم,ناصر میرزایی,قشم,هرمزگان,عمده‌فروش,1403/12/25,410438878
188,CUST-0188,دنیای تویز زاهدان,اکبر میرزایی,زاهدان,سیستان و بلوچستان,خاص,1404/11/04,282048397
189,CUST-0189,فروشگاه پخش اسباب‌بازی رشت,اکبر احمدی,رشت,گیلان,خرده‌فروش,1403/11/11,269528783
190,CUST-0190,دنیای تویز اصفهان,فرشاد رضایی,اصفهان,اصفهان,خرده‌فروش,1403/03/31,128507622
191,CUST-0191,شادی کودک قزوین,رضا رضایی,قزوین,قزوین,خرده‌فروش,1404/07/01,55620356
192,CUST-0192,تویز کودک کیش,مهدی شریفی,کیش,هرمزگان,خرده‌فروش,1404/05/04,449635721
193,CUST-0193,فروشگاه بازی خرم‌آباد,محمد رضایی,خرم‌آباد,لرستان,خاص,1403/08/16,451204848
194,CUST-0194,کلبه تویز بجنورد,محمد میرزایی,بجنورد,خراسان شمالی,عمده‌فروش,1404/02/08,320219714
195,CUST-0195,کلبه اسباب‌بازی اراک,مجید موسوی,اراک,مرکزی,خاص,1404/11/17,176124597
196,CUST-0196,دنیای بازی اراک,جواد هاشمی,اراک,مرکزی,عمده‌فروش,1404/01/15,181112691
197,CUST-0197,فانتزی اسباب‌بازی کرمانشاه,ناصر شریفی,کرمانشاه,کرمانشاه,خرده‌فروش,1404/07/23,365718282
198,CUST-0198,فروشگاه پخش اسباب‌بازی کرمانشاه,جواد صادقی,کرمانشاه,کرمانشاه,خاص,1403/11/04,449584027
199,CUST-0199,فروشگاه کودک اردبیل,علی احمدی,اردبیل,اردبیل,خرده‌فروش,1403/11/06,444672347
200,CUST-0200,فروشگاه کودک اهواز,بهرام نوری,اهواز,خوزستان,خرده‌فروش,1403/05/15,392139017
201,CUST-0201,بچه‌ها پخش اسباب‌بازی سمنان,فرشاد عباسی,سمنان,سمنان,خرده‌فروش,1404/07/02,324595506
202,CUST-0202,شادی پخش اسباب‌بازی کرمان,محمد رحیمی,کرمان,کرمان,خاص,1404/05/12,51228582
203,CUST-0203,تویز اسباب‌بازی اردبیل,فرشاد موسوی,اردبیل,اردبیل,خرده‌فروش,1403/08/07,89198069
204,CUST-0204,پخش تویز شهرکرد,محمد هاشمی,شهرکرد,چهارمحال و بختیاری,خاص,1404/01/11,450291552
205,CUST-0205,بازار بازی سنندج,مهدی حسینی,سنندج,کردستان,خرده‌فروش,1403/05/02,307150239
206,CUST-0206,پخش پخش اسباب‌بازی تبریز,اکبر قاسمی,تبریز,آذربایجان شرقی,عمده‌فروش,1403/01/22,14506555
207,CUST-0207,پخش کودک خرم‌آباد,مصطفی قاسمی,خرم‌آباد,لرستان,عمده‌فروش,1403/07/25,59721056
208,CUST-0208,دنیای کودک همدان,جواد رحیمی,همدان,همدان,خرده‌فروش,1403/08/23,335115866
209,CUST-0209,دنیای اسباب‌بازی کرمان,مهدی رحیمی,کرمان,کرمان,عمده‌فروش,1403/05/25,12480176
210,CUST-0210,مرکز اسباب‌بازی اراک,اکبر رحیمی,اراک,مرکزی,عمده‌فروش,1403/01/27,88795945
211,CUST-0211,بچه‌ها کودک تهران,ناصر موسوی,تهران,تهران,عمده‌فروش,1403/01/17,278879556
212,CUST-0212,بازار کودک اراک,فرشاد جعفری,اراک,مرکزی,عمده‌فروش,1404/06/18,349028646
213,CUST-0213,فانتزی بازی شیراز,مصطفی موسوی,شیراز,فارس,خاص,1404/06/05,329461017
214,CUST-0214,فانتزی سرگرمی قم,رضا قاسمی,قم,قم,خاص,1403/02/14,119891961
215,CUST-0215,فانتزی پخش اسباب‌بازی بوشهر,علی احمدی,بوشهر,بوشهر,خرده‌فروش,1404/05/01,358967818
216,CUST-0216,فروشگاه بازی زنجان,فرشاد شریفی,زنجان,زنجان,عمده‌فروش,1404/03/27,126252052
217,CUST-0217,بچه‌ها سرگرمی تبریز,حسین محمدی,تبریز,آذربایجان شرقی,خرده‌فروش,1403/05/06,169445852
218,CUST-0218,شادی سرگرمی قزوین,حمید کریمی,قزوین,قزوین,خاص,1404/04/06,375780788
219,CUST-0219,فروشگاه پخش اسباب‌بازی زنجان,محمد رحیمی,زنجان,زنجان,خاص,1404/10/29,328320120
220,CUST-0220,شادی بازی همدان,بهرام حسینی,همدان,همدان,خرده‌فروش,1404/02/27,426119471
221,CUST-0221,شادی بازی سمنان,فرشاد محمدی,سمنان,سمنان,خرده‌فروش,1403/11/15,332230317
222,CUST-0222,تویز تویز قزوین,حسین هاشمی,قزوین,قزوین,عمده‌فروش,1404/04/27,288471215
223,CUST-0223,فروشگاه اسباب‌بازی تبریز,سعید محمدی,تبریز,آذربایجان شرقی,عمده‌فروش,1404/01/16,55900636
224,CUST-0224,دنیای سرگرمی کرج,حمید موسوی,کرج,البرز,عمده‌فروش,1404/11/15,190180743
225,CUST-0225,بچه‌ها پخش اسباب‌بازی اردبیل,مصطفی جعفری,اردبیل,اردبیل,خرده‌فروش,1403/02/22,139949160
226,CUST-0226,بچه‌ها اسباب‌بازی بوشهر,ناصر نوری,بوشهر,بوشهر,عمده‌فروش,1403/08/02,129554925
227,CUST-0227,پخش اسباب‌بازی یاسوج,امیر رحیمی,یاسوج,کهگیلویه و بویراحمد,خرده‌فروش,1404/07/18,486775171
228,CUST-0228,تویز سرگرمی اهواز,رضا میرزایی,اهواز,خوزستان,خاص,1404/03/12,202617885
229,CUST-0229,دنیای پخش اسباب‌بازی مشهد,جواد عباسی,مشهد,خراسان رضوی,عمده‌فروش,1403/09/28,447102812
230,CUST-0230,تویز پخش اسباب‌بازی یزد,مصطفی کریمی,یزد,یزد,خرده‌فروش,1403/12/12,319257926
231,CUST-0231,مرکز کودک تهران,ناصر هاشمی,تهران,تهران,عمده‌فروش,1404/02/14,399457538
232,CUST-0232,بازار اسباب‌بازی کرمان,فرشاد نوری,کرمان,کرمان,خرده‌فروش,1403/08/05,256292175
233,CUST-0233,فانتزی تویز اردبیل,حسین موسوی,اردبیل,اردبیل,خاص,1403/11/14,292682903
234,CUST-0234,دنیای سرگرمی قزوین,محمد شریفی,قزوین,قزوین,عمده‌فروش,1403/02/23,251333669
235,CUST-0235,دنیای اسباب‌بازی ارومیه,اکبر محمدی,ارومیه,آذربایجان غربی,خرده‌فروش,1403/10/03,105669064
236,CUST-0236,فانتزی سرگرمی زنجان,مجید جعفری,زنجان,زنجان,عمده‌فروش,1403/10/04,364001536
237,CUST-0237,فروشگاه تویز کیش,سعید محمدی,کیش,هرمزگان,خاص,1403/10/15,147578457
238,CUST-0238,کلبه پخش اسباب‌بازی قشم,مهدی احمدی,قشم,هرمزگان,خرده‌فروش,1403/08/10,21914823
239,CUST-0239,بازار کودک کرج,مهدی حسینی,کرج,البرز,خرده‌فروش,1403/05/17,326281424
240,CUST-0240,بچه‌ها اسباب‌بازی گرگان,علی صادقی,گرگان,گلستان,عمده‌فروش,1404/03/13,96784232
241,CUST-0241,شادی سرگرمی رشت,فرشاد حسینی,رشت,گیلان,خاص,1404/05/23,470824706
242,CUST-0242,فروشگاه بازی سنندج,جواد عباسی,سنندج,کردستان,خرده‌فروش,1403/02/13,477425002
243,CUST-0243,فانتزی اسباب‌بازی مشهد,جواد موسوی,مشهد,خراسان رضوی,خرده‌فروش,1404/08/08,458283551
244,CUST-0244,شادی تویز بجنورد,محمد جعفری,بجنورد,خراسان شمالی,خرده‌فروش,1403/01/22,191377763
245,CUST-0245,دنیای بازی ارومیه,جواد عباسی,ارومیه,آذربایجان غربی,عمده‌فروش,1404/01/05,17573742
246,CUST-0246,فروشگاه کودک زنجان,سعید قاسمی,زنجان,زنجان,خاص,1404/02/14,464876095
247,CUST-0247,شادی تویز تبریز,فرشاد موسوی,تبریز,آذربایجان شرقی,خرده‌فروش,1403/08/11,219810232
248,CUST-0248,فروشگاه سرگرمی ارومیه,اکبر محمدی,ارومیه,آذربایجان غربی,خاص,1404/06/23,483660861
249,CUST-0249,بچه‌ها تویز زاهدان,فرشاد رحیمی,زاهدان,سیستان و بلوچستان,عمده‌فروش,1404/10/19,482173788
250,CUST-0250,فروشگاه کودک بندرعباس,مهدی حسینی,بندرعباس,هرمزگان,خاص,1403/06/23,427974633
251,CUST-0251,فروشگاه کودک کرمان,مصطفی هاشمی,کرمان,کرمان,خرده‌فروش,1404/05/16,154279957
252,CUST-0252,دنیای پخش اسباب‌بازی شهرکرد,اکبر قاسمی,شهرکرد,چهارمحال و بختیاری,خاص,1403/11/25,198697887
253,CUST-0253,مرکز بازی قزوین,محمد صادقی,قزوین,قزوین,خاص,1404/03/25,427056969
254,CUST-0254,تویز سرگرمی بوشهر,علی موسوی,بوشهر,بوشهر,عمده‌فروش,1404/05/30,165291782
255,CUST-0255,فانتزی بازی بوشهر,علی احمدی,بوشهر,بوشهر,خرده‌فروش,1404/01/12,93051445
256,CUST-0256,فروشگاه سرگرمی شیراز,ناصر نوری,شیراز,فارس,خرده‌فروش,1404/01/28,282832618
257,CUST-0257,فانتزی سرگرمی اصفهان,اکبر حسینی,اصفهان,اصفهان,خاص,1403/11/24,468715839
258,CUST-0258,کلبه کودک یاسوج,علی صادقی,یاسوج,کهگیلویه و بویراحمد,خرده‌فروش,1403/04/13,351054600
259,CUST-0259,کلبه پخش اسباب‌بازی تبریز,حسین احمدی,تبریز,آذربایجان شرقی,خاص,1403/09/08,289329973
260,CUST-0260,فانتزی سرگرمی شهرکرد,حمید قاسمی,شهرکرد,چهارمحال و بختیاری,خرده‌فروش,1403/06/08,57616481
261,CUST-0261,تویز بازی ایلام,سعید میرزایی,ایلام,ایلام,خاص,1403/12/11,311353541
262,CUST-0262,بچه‌ها اسباب‌بازی کرج,امیر محمدی,کرج,البرز,خاص,1404/07/20,495126386
263,CUST-0263,تویز تویز بیرجند,فرشاد رحیمی,بیرجند,خراسان جنوبی,خاص,1404/11/01,78641167
264,CUST-0264,بچه‌ها اسباب‌بازی کرمان,ناصر هاشمی,کرمان,کرمان,خرده‌فروش,1403/05/21,263981529
265,CUST-0265,شادی کودک بوشهر,ناصر عباسی,بوشهر,بوشهر,خرده‌فروش,1403/03/25,439912805
266,CUST-0266,بچه‌ها کودک بیرجند,اکبر عباسی,بیرجند,خراسان جنوبی,عمده‌فروش,1404/06/19,372976622
267,CUST-0267,کلبه تویز زنجان,علی موسوی,زنجان,زنجان,عمده‌فروش,1403/11/11,351537713
268,CUST-0268,بچه‌ها بازی همدان,رضا حسینی,همدان,همدان,عمده‌فروش,1403/05/17,354217201
269,CUST-0269,تویز اسباب‌بازی شیراز,حمید میرزایی,شیراز,فارس,خاص,1404/07/01,186150664
270,CUST-0270,بچه‌ها سرگرمی اصفهان,حسین قاسمی,اصفهان,اصفهان,عمده‌فروش,1404/01/20,153860003
271,CUST-0271,مرکز پخش اسباب‌بازی ارومیه,مصطفی قاسمی,ارومیه,آذربایجان غربی,خاص,1403/06/15,406586966
272,CUST-0272,بازار بازی شهرکرد,امیر هاشمی,شهرکرد,چهارمحال و بختیاری,خرده‌فروش,1403/08/28,406955563
273,CUST-0273,فانتزی کودک گرگان,حمید حسینی,گرگان,گلستان,خرده‌فروش,1403/11/11,434865436
274,CUST-0274,بچه‌ها پخش اسباب‌بازی زاهدان,ناصر صادقی,زاهدان,سیستان و بلوچستان,خرده‌فروش,1404/04/14,457487870
275,CUST-0275,کلبه سرگرمی بیرجند,سعید رضایی,بیرجند,خراسان جنوبی,خاص,1403/07/19,260557775
276,CUST-0276,تویز اسباب‌بازی رشت,اکبر صادقی,رشت,گیلان,خاص,1404/01/15,255742984
277,CUST-0277,کلبه اسباب‌بازی قم,مهدی محمدی,قم,قم,خرده‌فروش,1403/06/10,401164637
278,CUST-0278,کلبه کودک شهرکرد,جواد جعفری,شهرکرد,چهارمحال و بختیاری,عمده‌فروش,1403/04/01,328482326
279,CUST-0279,بچه‌ها اسباب‌بازی شهرکرد,سعید احمدی,شهرکرد,چهارمحال و بختیاری,خاص,1404/02/09,353963769
280,CUST-0280,پخش بازی ایلام,محمد موسوی,ایلام,ایلام,عمده‌فروش,1403/08/14,399938408
281,CUST-0281,فروشگاه پخش اسباب‌بازی قزوین,اکبر موسوی,قزوین,قزوین,عمده‌فروش,1403/05/26,446102617
282,CUST-0282,تویز بازی اصفهان,فرشاد رحیمی,اصفهان,اصفهان,خاص,1403/05/19,175617626
283,CUST-0283,فانتزی سرگرمی یاسوج,علی شریفی,یاسوج,کهگیلویه و بویراحمد,عمده‌فروش,1403/03/20,194035646
284,CUST-0284,پخش کودک اراک,حمید عباسی,اراک,مرکزی,خاص,1404/09/12,56051150
285,CUST-0285,فروشگاه تویز زنجان,رضا کریمی,زنجان,زنجان,عمده‌فروش,1403/05/01,293357269
286,CUST-0286,شادی پخش اسباب‌بازی بندرعباس,مصطفی قاسمی,بندرعباس,هرمزگان,عمده‌فروش,1404/04/10,27611714
287,CUST-0287,فانتزی سرگرمی اهواز,حمید احمدی,اهواز,خوزستان,خاص,1404/10/06,238143028
288,CUST-0288,مرکز تویز بندرعباس,سعید احمدی,بندرعباس,هرمزگان,خرده‌فروش,1404/09/18,275895871
289,CUST-0289,دنیای بازی بندرعباس,حسین هاشمی,بندرعباس,هرمزگان,عمده‌فروش,1404/11/13,150405213
290,CUST-0290,فروشگاه سرگرمی ایلام,حمید نوری,ایلام,ایلام,خاص,1404/05/30,299508297
291,CUST-0291,شادی بازی مشهد,علی هاشمی,مشهد,خراسان رضوی,خرده‌فروش,1404/01/31,24945122
292,CUST-0292,بازار تویز اراک,مصطفی محمدی,اراک,مرکزی,عمده‌فروش,1403/12/18,28300612
293,CUST-0293,دنیای پخش اسباب‌بازی قم,مصطفی موسوی,قم,قم,عمده‌فروش,1403/05/13,413074274
294,CUST-0294,کلبه تویز سنندج,جواد هاشمی,سنندج,کردستان,خاص,1403/06/25,186493414
295,CUST-0295,فانتزی پخش اسباب‌بازی سمنان,حسین میرزایی,سمنان,سمنان,عمده‌فروش,1403/05/15,72259651
296,CUST-0296,بازار تویز سمنان,رضا احمدی,سمنان,سمنان,عمده‌فروش,1403/07/19,265899197
297,CUST-0297,تویز سرگرمی قزوین,سعید رحیمی,قزوین,قزوین,خرده‌فروش,1404/07/05,387296841
298,CUST-0298,بازار پخش اسباب‌بازی اراک,رضا کریمی,اراک,مرکزی,عمده‌فروش,1403/12/30,115752303
299,CUST-0299,تویز اسباب‌بازی خرم‌آباد,مصطفی موسوی,خرم‌آباد,لرستان,خرده‌فروش,1404/03/20,315216333
300,CUST-0300,شادی تویز شهرکرد,حسین صادقی,شهرکرد,چهارمحال و بختیاری,خرده‌فروش,1404/05/20,51820257
301,CUST-0301,فروشگاه پخش اسباب‌بازی ساری,سعید محمدی,ساری,مازندران,خاص,1404/03/13,35324043
302,CUST-0302,کلبه تویز یزد,امیر محمدی,یزد,یزد,خرده‌فروش,1403/03/20,270363769
303,CUST-0303,تویز بازی گرگان,ناصر عباسی,گرگان,گلستان,عمده‌فروش,1404/03/09,274911209
304,CUST-0304,بچه‌ها بازی شهرکرد,علی عباسی,شهرکرد,چهارمحال و بختیاری,خاص,1403/12/26,322340651
305,CUST-0305,تویز پخش اسباب‌بازی زنجان,مصطفی احمدی,زنجان,زنجان,خاص,1403/03/15,365784753
306,CUST-0306,بچه‌ها سرگرمی بجنورد,مصطفی عباسی,بجنورد,خراسان شمالی,عمده‌فروش,1404/11/24,488167518
307,CUST-0307,مرکز سرگرمی مشهد,اکبر میرزایی,مشهد,خراسان رضوی,عمده‌فروش,1404/03/21,262987170
308,CUST-0308,فروشگاه کودک رشت,مصطفی هاشمی,رشت,گیلان,خرده‌فروش,1404/01/10,168248671
309,CUST-0309,دنیای اسباب‌بازی بیرجند,ناصر رضایی,بیرجند,خراسان جنوبی,خرده‌فروش,1404/11/24,399641235
310,CUST-0310,بچه‌ها بازی ایلام,مصطفی محمدی,ایلام,ایلام,عمده‌فروش,1404/08/06,142707803
311,CUST-0311,شادی تویز ایلام,اکبر کریمی,ایلام,ایلام,عمده‌فروش,1403/09/10,225095996
312,CUST-0312,مرکز بازی مشهد,حمید جعفری,مشهد,خراسان رضوی,عمده‌فروش,1404/07/24,48443626
313,CUST-0313,تویز پخش اسباب‌بازی اراک,مجید حسینی,اراک,مرکزی,خرده‌فروش,1404/09/15,22421864
314,CUST-0314,پخش اسباب‌بازی قشم,حسین رحیمی,قشم,هرمزگان,خرده‌فروش,1403/03/14,481697723
315,CUST-0315,فانتزی اسباب‌بازی یزد,مصطفی هاشمی,یزد,یزد,خاص,1403/11/22,419630259
316,CUST-0316,فروشگاه سرگرمی سنندج,حمید کریمی,سنندج,کردستان,عمده‌فروش,1403/11/02,351027360
317,CUST-0317,بچه‌ها سرگرمی یزد,رضا محمدی,یزد,یزد,عمده‌فروش,1403/07/20,210386942
318,CUST-0318,فانتزی اسباب‌بازی بندرعباس,امیر نوری,بندرعباس,هرمزگان,خرده‌فروش,1404/08/05,94914216
319,CUST-0319,کلبه کودک سمنان,ناصر شریفی,سمنان,سمنان,عمده‌فروش,1403/03/27,86654150
320,CUST-0320,شادی پخش اسباب‌بازی بوشهر,فرشاد صادقی,بوشهر,بوشهر,خرده‌فروش,1404/06/18,132619020
321,CUST-0321,دنیای اسباب‌بازی اردبیل,حسین موسوی,اردبیل,اردبیل,عمده‌فروش,1404/10/16,279121065
322,CUST-0322,فانتزی پخش اسباب‌بازی شهرکرد,حمید موسوی,شهرکرد,چهارمحال و بختیاری,خاص,1403/05/08,360152002
323,CUST-0323,مرکز بازی یزد,حمید شریفی,یزد,یزد,عمده‌فروش,1403/02/26,333496714
324,CUST-0324,تویز کودک کرمان,حسین موسوی,کرمان,کرمان,خرده‌فروش,1403/08/15,147167609
325,CUST-0325,فروشگاه تویز گرگان,رضا هاشمی,گرگان,گلستان,خرده‌فروش,1404/07/13,477883987
326,CUST-0326,تویز سرگرمی رشت,حمید محمدی,رشت,گیلان,خاص,1404/05/25,371569489
327,CUST-0327,دنیای سرگرمی ارومیه,حسین رضایی,ارومیه,آذربایجان غربی,خاص,1404/11/03,281633485
328,CUST-0328,دنیای اسباب‌بازی خرم‌آباد,جواد رحیمی,خرم‌آباد,لرستان,عمده‌فروش,1403/01/30,309743165
329,CUST-0329,دنیای تویز اصفهان,اکبر حسینی,اصفهان,اصفهان,خرده‌فروش,1404/08/04,215604030
330,CUST-0330,فانتزی پخش اسباب‌بازی مشهد,حمید کریمی,مشهد,خراسان رضوی,خرده‌فروش,1404/10/16,131388184
331,CUST-0331,پخش پخش اسباب‌بازی یاسوج,سعید کریمی,یاسوج,کهگیلویه و بویراحمد,عمده‌فروش,1404/04/06,184426612
332,CUST-0332,مرکز بازی کرج,سعید صادقی,کرج,البرز,عمده‌فروش,1404/04/17,381344594
333,CUST-0333,دنیای کودک خرم‌آباد,امیر رحیمی,خرم‌آباد,لرستان,خاص,1403/11/21,17052809
334,CUST-0334,شادی کودک سنندج,مصطفی موسوی,سنندج,کردستان,خاص,1404/06/07,66875593
335,CUST-0335,بچه‌ها کودک قم,مجید محمدی,قم,قم,خرده‌فروش,1403/09/28,32541294
336,CUST-0336,مرکز اسباب‌بازی بندرعباس,علی کریمی,بندرعباس,هرمزگان,خاص,1404/01/28,29957113
337,CUST-0337,پخش کودک اردبیل,جواد موسوی,اردبیل,اردبیل,خاص,1404/08/10,429175686
338,CUST-0338,پخش کودک قزوین,مجید نوری,قزوین,قزوین,خرده‌فروش,1404/04/20,354792351
339,CUST-0339,فانتزی اسباب‌بازی بوشهر,محمد جعفری,بوشهر,بوشهر,خرده‌فروش,1404/05/28,242345176
340,CUST-0340,پخش سرگرمی بندرعباس,امیر احمدی,بندرعباس,هرمزگان,خرده‌فروش,1403/02/21,57938738
341,CUST-0341,دنیای پخش اسباب‌بازی قشم,اکبر صادقی,قشم,هرمزگان,خاص,1403/10/17,250891778
342,CUST-0342,فروشگاه بازی تهران,حسین شریفی,تهران,تهران,خاص,1403/09/25,242001167
343,CUST-0343,شادی تویز ایلام,علی جعفری,ایلام,ایلام,خاص,1403/02/22,94868916
344,CUST-0344,بچه‌ها سرگرمی زاهدان,مهدی محمدی,زاهدان,سیستان و بلوچستان,خاص,1404/01/30,222587308
345,CUST-0345,کلبه تویز شهرکرد,جواد قاسمی,شهرکرد,چهارمحال و بختیاری,خاص,1404/11/25,205267319
346,CUST-0346,مرکز اسباب‌بازی اهواز,سعید موسوی,اهواز,خوزستان,خاص,1403/12/12,311766548
347,CUST-0347,مرکز کودک ایلام,ناصر نوری,ایلام,ایلام,خاص,1404/02/15,321195888
348,CUST-0348,بازار اسباب‌بازی اصفهان,حسین عباسی,اصفهان,اصفهان,خرده‌فروش,1403/12/06,32198964
349,CUST-0349,مرکز سرگرمی سمنان,بهرام نوری,سمنان,سمنان,خرده‌فروش,1403/05/20,193560181
350,CUST-0350,مرکز بازی قزوین,ناصر عباسی,قزوین,قزوین,خاص,1403/11/01,316671358
351,CUST-0351,کلبه سرگرمی خرم‌آباد,حمید صادقی,خرم‌آباد,لرستان,خرده‌فروش,1404/07/25,256536766
352,CUST-0352,بازار تویز یاسوج,امیر هاشمی,یاسوج,کهگیلویه و بویراحمد,خرده‌فروش,1403/04/20,429680022
353,CUST-0353,بازار سرگرمی بوشهر,مجید کریمی,بوشهر,بوشهر,خاص,1404/10/30,332759879
354,CUST-0354,بازار سرگرمی کرمانشاه,مجید رضایی,کرمانشاه,کرمانشاه,خاص,1404/06/16,89837869
355,CUST-0355,مرکز پخش اسباب‌بازی بیرجند,رضا احمدی,بیرجند,خراسان جنوبی,خاص,1404/08/05,44578686
356,CUST-0356,پخش اسباب‌بازی اهواز,مجید موسوی,اهواز,خوزستان,عمده‌فروش,1404/03/01,324785446
357,CUST-0357,پخش بازی اردبیل,حمید میرزایی,اردبیل,اردبیل,خرده‌فروش,1404/09/15,22990542
358,CUST-0358,مرکز سرگرمی کرج,رضا نوری,کرج,البرز,خاص,1403/11/27,297030034
359,CUST-0359,کلبه بازی یاسوج,امیر رضایی,یاسوج,کهگیلویه و بویراحمد,خاص,1404/04/12,470712818
360,CUST-0360,کلبه تویز خرم‌آباد,اکبر میرزایی,خرم‌آباد,لرستان,خاص,1404/11/26,291982347
361,CUST-0361,دنیای بازی اراک,رضا حسینی,اراک,مرکزی,خاص,1403/10/10,200203263
362,CUST-0362,پخش تویز بوشهر,مصطفی کریمی,بوشهر,بوشهر,خاص,1403/07/27,325211227
363,CUST-0363,بچه‌ها بازی قشم,امیر نوری,قشم,هرمزگان,خرده‌فروش,1403/10/05,234543916
364,CUST-0364,دنیای پخش اسباب‌بازی اهواز,حمید جعفری,اهواز,خوزستان,خرده‌فروش,1404/02/08,277352226
365,CUST-0365,تویز اسباب‌بازی کرمان,مهدی عباسی,کرمان,کرمان,خرده‌فروش,1403/03/19,471317756
366,CUST-0366,تویز پخش اسباب‌بازی شهرکرد,مجید حسینی,شهرکرد,چهارمحال و بختیاری,خاص,1403/07/21,199190292
367,CUST-0367,کلبه پخش اسباب‌بازی ساری,مهدی رضایی,ساری,مازندران,خاص,1403/04/19,480983376
368,CUST-0368,پخش اسباب‌بازی بندرعباس,اکبر شریفی,بندرعباس,هرمزگان,عمده‌فروش,1404/06/23,453621814
369,CUST-0369,بازار اسباب‌بازی کرمانشاه,سعید موسوی,کرمانشاه,کرمانشاه,عمده‌فروش,1404/04/25,105937656
370,CUST-0370,بازار سرگرمی رشت,بهرام رضایی,رشت,گیلان,خاص,1404/02/20,43987037
371,CUST-0371,فانتزی پخش اسباب‌بازی یاسوج,رضا میرزایی,یاسوج,کهگیلویه و بویراحمد,خرده‌فروش,1403/10/19,59381220
372,CUST-0372,بازار اسباب‌بازی گرگان,اکبر قاسمی,گرگان,گلستان,خاص,1403/08/22,18928694
373,CUST-0373,مرکز بازی اصفهان,بهرام رحیمی,اصفهان,اصفهان,عمده‌فروش,1403/06/26,56277050
374,CUST-0374,فانتزی کودک بجنورد,بهرام عباسی,بجنورد,خراسان شمالی,عمده‌فروش,1403/10/21,344673318
375,CUST-0375,تویز سرگرمی تهران,ناصر محمدی,تهران,تهران,خرده‌فروش,1403/12/08,44882437
376,CUST-0376,کلبه سرگرمی سمنان,مجید شریفی,سمنان,سمنان,خاص,1403/05/14,166298058
377,CUST-0377,تویز کودک سمنان,مصطفی محمدی,سمنان,سمنان,عمده‌فروش,1403/12/03,423988902
378,CUST-0378,تویز پخش اسباب‌بازی سمنان,حسین احمدی,سمنان,سمنان,خرده‌فروش,1403/12/10,21403248
379,CUST-0379,مرکز سرگرمی زاهدان,جواد هاشمی,زاهدان,سیستان و بلوچستان,خرده‌فروش,1404/02/19,409089556
380,CUST-0380,بچه‌ها اسباب‌بازی کیش,سعید هاشمی,کیش,هرمزگان,عمده‌فروش,1403/04/05,148108839
381,CUST-0381,فانتزی تویز رشت,بهرام حسینی,رشت,گیلان,خرده‌فروش,1403/01/07,67900765
382,CUST-0382,پخش بازی بیرجند,مصطفی کریمی,بیرجند,خراسان جنوبی,خرده‌فروش,1403/12/02,351401211
383,CUST-0383,تویز پخش اسباب‌بازی تهران,امیر عباسی,تهران,تهران,عمده‌فروش,1403/08/26,318181994
384,CUST-0384,فانتزی تویز اهواز,حسین جعفری,اهواز,خوزستان,خاص,1404/05/25,439961286
385,CUST-0385,فروشگاه پخش اسباب‌بازی بوشهر,بهرام کریمی,بوشهر,بوشهر,خاص,1404/01/11,370184811
386,CUST-0386,پخش کودک کرمانشاه,مجید رضایی,کرمانشاه,کرمانشاه,خاص,1404/04/07,403705655
387,CUST-0387,شادی پخش اسباب‌بازی ایلام,حمید شریفی,ایلام,ایلام,خاص,1404/04/24,148196940
388,CUST-0388,پخش پخش اسباب‌بازی همدان,مصطفی قاسمی,همدان,همدان,خاص,1403/03/22,96945376
389,CUST-0389,کلبه پخش اسباب‌بازی شهرکرد,امیر محمدی,شهرکرد,چهارمحال و بختیاری,عمده‌فروش,1404/07/26,377801228
390,CUST-0390,کلبه سرگرمی کرج,رضا قاسمی,کرج,البرز,عمده‌فروش,1404/06/29,405349022
391,CUST-0391,بچه‌ها سرگرمی ارومیه,مجید محمدی,ارومیه,آذربایجان غربی,عمده‌فروش,1404/11/25,495347519
392,CUST-0392,فروشگاه سرگرمی قشم,مجید میرزایی,قشم,هرمزگان,خرده‌فروش,1403/02/26,212182661
393,CUST-0393,کلبه بازی رشت,مجید قاسمی,رشت,گیلان,خاص,1403/02/29,192288862
394,CUST-0394,تویز پخش اسباب‌بازی سمنان,علی جعفری,سمنان,سمنان,عمده‌فروش,1403/09/15,390442350
395,CUST-0395,دنیای اسباب‌بازی همدان,علی جعفری,همدان,همدان,خاص,1403/12/17,176993734
396,CUST-0396,کلبه اسباب‌بازی شیراز,بهرام شریفی,شیراز,فارس,خرده‌فروش,1403/03/09,466071089
397,CUST-0397,تویز بازی اصفهان,حسین میرزایی,اصفهان,اصفهان,خاص,1403/05/15,430622248
398,CUST-0398,بچه‌ها بازی اردبیل,مجید رحیمی,اردبیل,اردبیل,خرده‌فروش,1404/01/21,220207073
399,CUST-0399,کلبه کودک تبریز,اکبر رحیمی,تبریز,آذربایجان شرقی,عمده‌فروش,1403/12/21,377926823
400,CUST-0400,کلبه بازی یزد,حمید رضایی,یزد,یزد,عمده‌فروش,1403/08/13,379726008
401,CUST-0401,تویز بازی مشهد,اکبر عباسی,مشهد,خراسان رضوی,خرده‌فروش,1404/07/06,60530695
402,CUST-0402,پخش کودک بیرجند,مجید موسوی,بیرجند,خراسان جنوبی,خرده‌فروش,1403/06/04,452250924
403,CUST-0403,فروشگاه اسباب‌بازی زاهدان,مصطفی هاشمی,زاهدان,سیستان و بلوچستان,خاص,1404/03/02,257573662
404,CUST-0404,پخش کودک مشهد,محمد محمدی,مشهد,خراسان رضوی,عمده‌فروش,1404/08/27,414964158
405,CUST-0405,دنیای پخش اسباب‌بازی شهرکرد,فرشاد رحیمی,شهرکرد,چهارمحال و بختیاری,عمده‌فروش,1403/02/19,166824304
406,CUST-0406,شادی بازی اصفهان,رضا نوری,اصفهان,اصفهان,عمده‌فروش,1403/08/07,448806381
407,CUST-0407,کلبه تویز رشت,رضا رحیمی,رشت,گیلان,خرده‌فروش,1404/08/08,200708822
408,CUST-0408,پخش تویز قزوین,بهرام رضایی,قزوین,قزوین,خاص,1404/11/05,15310449
409,CUST-0409,شادی تویز کرمانشاه,مهدی احمدی,کرمانشاه,کرمانشاه,خاص,1404/07/19,453637168
410,CUST-0410,شادی سرگرمی یزد,مجید احمدی,یزد,یزد,خاص,1403/12/17,54730471
411,CUST-0411,کلبه تویز بیرجند,فرشاد جعفری,بیرجند,خراسان جنوبی,عمده‌فروش,1404/02/22,166463682
412,CUST-0412,شادی کودک بوشهر,مصطفی نوری,بوشهر,بوشهر,عمده‌فروش,1404/04/26,475530363
413,CUST-0413,تویز پخش اسباب‌بازی کرمانشاه,حسین میرزایی,کرمانشاه,کرمانشاه,عمده‌فروش,1404/04/16,475797501
414,CUST-0414,شادی سرگرمی اردبیل,حمید رضایی,اردبیل,اردبیل,عمده‌فروش,1404/02/01,290984565
415,CUST-0415,پخش تویز اراک,اکبر محمدی,اراک,مرکزی,خرده‌فروش,1404/04/02,319600233
416,CUST-0416,کلبه پخش اسباب‌بازی تبریز,جواد حسینی,تبریز,آذربایجان شرقی,خرده‌فروش,1403/02/22,229738305
417,CUST-0417,دنیای سرگرمی بیرجند,علی رحیمی,بیرجند,خراسان جنوبی,عمده‌فروش,1403/03/13,153673278
418,CUST-0418,فانتزی کودک همدان,جواد شریفی,همدان,همدان,خرده‌فروش,1403/12/05,171045627
419,CUST-0419,پخش کودک تهران,فرشاد محمدی,تهران,تهران,عمده‌فروش,1404/05/01,339534043
420,CUST-0420,شادی کودک همدان,حمید موسوی,همدان,همدان,خرده‌فروش,1403/10/14,378663519
421,CUST-0421,کلبه پخش اسباب‌بازی سمنان,امیر کریمی,سمنان,سمنان,خرده‌فروش,1403/09/22,397873731
422,CUST-0422,فانتزی بازی کیش,محمد میرزایی,کیش,هرمزگان,خرده‌فروش,1404/04/22,396912889
423,CUST-0423,بچه‌ها تویز همدان,سعید احمدی,همدان,همدان,عمده‌فروش,1404/07/25,54690990
424,CUST-0424,بازار تویز کرمان,حمید شریفی,کرمان,کرمان,خاص,1404/08/17,252265949
425,CUST-0425,تویز کودک اردبیل,رضا موسوی,اردبیل,اردبیل,خرده‌فروش,1403/08/20,38203792
426,CUST-0426,فانتزی سرگرمی بندرعباس,اکبر هاشمی,بندرعباس,هرمزگان,خرده‌فروش,1403/12/10,279269152
427,CUST-0427,فانتزی بازی قشم,حسین عباسی,قشم,هرمزگان,عمده‌فروش,1403/12/25,226349945
428,CUST-0428,کلبه بازی رشت,حسین شریفی,رشت,گیلان,خاص,1404/07/04,444975049
429,CUST-0429,کلبه اسباب‌بازی کرج,جواد رحیمی,کرج,البرز,خاص,1403/03/15,181948356
430,CUST-0430,بازار بازی کرج,حسین رحیمی,کرج,البرز,عمده‌فروش,1404/10/04,67362838
431,CUST-0431,مرکز اسباب‌بازی شیراز,رضا نوری,شیراز,فارس,خرده‌فروش,1404/04/08,80065924
432,CUST-0432,دنیای پخش اسباب‌بازی کرج,اکبر شریفی,کرج,البرز,خرده‌فروش,1404/09/20,383140209
433,CUST-0433,بازار اسباب‌بازی قشم,حمید نوری,قشم,هرمزگان,عمده‌فروش,1404/02/25,312926851
434,CUST-0434,کلبه پخش اسباب‌بازی مشهد,مهدی نوری,مشهد,خراسان رضوی,عمده‌فروش,1403/10/18,59550111
435,CUST-0435,شادی کودک کیش,محمد شریفی,کیش,هرمزگان,خاص,1403/04/06,51212334
436,CUST-0436,پخش کودک کرمان,ناصر نوری,کرمان,کرمان,خرده‌فروش,1403/09/13,353474874
437,CUST-0437,شادی اسباب‌بازی ساری,امیر جعفری,ساری,مازندران,خاص,1404/04/12,45653873
438,CUST-0438,پخش تویز بندرعباس,اکبر رحیمی,بندرعباس,هرمزگان,خاص,1403/03/21,412711429
439,CUST-0439,فروشگاه بازی اصفهان,سعید جعفری,اصفهان,اصفهان,خرده‌فروش,1404/07/14,356058691
440,CUST-0440,بازار پخش اسباب‌بازی کرج,حسین محمدی,کرج,البرز,خرده‌فروش,1404/05/22,49860902
441,CUST-0441,دنیای اسباب‌بازی خرم‌آباد,بهرام نوری,خرم‌آباد,لرستان,عمده‌فروش,1403/02/13,51570479
442,CUST-0442,دنیای بازی همدان,مهدی احمدی,همدان,همدان,خاص,1403/03/15,493453393
443,CUST-0443,کلبه سرگرمی ساری,اکبر احمدی,ساری,مازندران,خرده‌فروش,1403/06/29,193392689
444,CUST-0444,پخش سرگرمی مشهد,حسین میرزایی,مشهد,خراسان رضوی,عمده‌فروش,1404/02/11,191614652
445,CUST-0445,مرکز سرگرمی بوشهر,رضا قاسمی,بوشهر,بوشهر,خاص,1404/02/02,408271787
446,CUST-0446,شادی پخش اسباب‌بازی خرم‌آباد,حسین میرزایی,خرم‌آباد,لرستان,خاص,1403/03/19,474151802
447,CUST-0447,بازار اسباب‌بازی سنندج,سعید حسینی,سنندج,کردستان,خرده‌فروش,1403/03/16,493140521
448,CUST-0448,بچه‌ها اسباب‌بازی بجنورد,اکبر کریمی,بجنورد,خراسان شمالی,خرده‌فروش,1404/04/03,379155310
449,CUST-0449,بچه‌ها سرگرمی کرمانشاه,سعید جعفری,کرمانشاه,کرمانشاه,خاص,1403/07/05,194367196
450,CUST-0450,فروشگاه سرگرمی بیرجند,مهدی میرزایی,بیرجند,خراسان جنوبی,خاص,1403/09/07,50915351
451,CUST-0451,فروشگاه تویز شیراز,حسین جعفری,شیراز,فارس,عمده‌فروش,1404/10/08,390801988
452,CUST-0452,بچه‌ها تویز بیرجند,محمد محمدی,بیرجند,خراسان جنوبی,خرده‌فروش,1403/01/06,283618082
453,CUST-0453,بچه‌ها تویز شهرکرد,محمد رضایی,شهرکرد,چهارمحال و بختیاری,عمده‌فروش,1403/03/28,217868784
454,CUST-0454,فانتزی سرگرمی زنجان,حمید نوری,زنجان,زنجان,عمده‌فروش,1404/02/21,454113648
455,CUST-0455,فروشگاه تویز مشهد,حمید محمدی,مشهد,خراسان رضوی,خاص,1404/08/30,64486766
456,CUST-0456,شادی اسباب‌بازی قزوین,مهدی جعفری,قزوین,قزوین,عمده‌فروش,1404/02/01,251386301
457,CUST-0457,دنیای سرگرمی بندرعباس,حسین هاشمی,بندرعباس,هرمزگان,عمده‌فروش,1404/01/24,15563285
458,CUST-0458,تویز تویز رشت,مهدی صادقی,رشت,گیلان,عمده‌فروش,1403/05/26,239643714
459,CUST-0459,شادی تویز ارومیه,سعید کریمی,ارومیه,آذربایجان غربی,عمده‌فروش,1404/05/06,37588605
460,CUST-0460,تویز کودک ایلام,فرشاد هاشمی,ایلام,ایلام,خاص,1404/05/18,68220778
461,CUST-0461,فانتزی اسباب‌بازی زاهدان,حسین کریمی,زاهدان,سیستان و بلوچستان,خرده‌فروش,1403/01/07,67587860
462,CUST-0462,دنیای بازی خرم‌آباد,مصطفی رحیمی,خرم‌آباد,لرستان,خرده‌فروش,1403/12/02,328113048
463,CUST-0463,شادی پخش اسباب‌بازی خرم‌آباد,ناصر رضایی,خرم‌آباد,لرستان,خرده‌فروش,1403/11/02,375561990
464,CUST-0464,فانتزی تویز زاهدان,حسین جعفری,زاهدان,سیستان و بلوچستان,خرده‌فروش,1403/11/21,295850694
465,CUST-0465,دنیای کودک قشم,امیر جعفری,قشم,هرمزگان,خرده‌فروش,1403/10/12,481464548
466,CUST-0466,فروشگاه سرگرمی ایلام,رضا قاسمی,ایلام,ایلام,عمده‌فروش,1404/07/07,193686583
467,CUST-0467,فانتزی پخش اسباب‌بازی مشهد,رضا صادقی,مشهد,خراسان رضوی,خاص,1403/10/23,149998922
468,CUST-0468,شادی پخش اسباب‌بازی شیراز,مجید رضایی,شیراز,فارس,خرده‌فروش,1404/10/07,435613572
469,CUST-0469,تویز پخش اسباب‌بازی بندرعباس,حسین عباسی,بندرعباس,هرمزگان,خرده‌فروش,1404/03/06,119561960
470,CUST-0470,فانتزی سرگرمی شیراز,مجید قاسمی,شیراز,فارس,خاص,1404/02/14,481979044
471,CUST-0471,شادی سرگرمی کیش,علی میرزایی,کیش,هرمزگان,خاص,1404/01/03,15955692
472,CUST-0472,فروشگاه کودک تبریز,اکبر هاشمی,تبریز,آذربایجان شرقی,عمده‌فروش,1403/12/28,485240625
473,CUST-0473,دنیای پخش اسباب‌بازی اصفهان,اکبر هاشمی,اصفهان,اصفهان,خرده‌فروش,1404/02/13,31148356
474,CUST-0474,فروشگاه اسباب‌بازی زنجان,محمد کریمی,زنجان,زنجان,خاص,1403/08/12,446660125
475,CUST-0475,فانتزی تویز کرمانشاه,سعید صادقی,کرمانشاه,کرمانشاه,خاص,1404/11/24,268573543
476,CUST-0476,مرکز تویز کیش,علی صادقی,کیش,هرمزگان,خرده‌فروش,1403/04/15,496552750
477,CUST-0477,فروشگاه اسباب‌بازی اردبیل,جواد عباسی,اردبیل,اردبیل,خرده‌فروش,1403/05/22,46160316
478,CUST-0478,بچه‌ها بازی بوشهر,مصطفی حسینی,بوشهر,بوشهر,خرده‌فروش,1404/06/13,281388599
479,CUST-0479,فانتزی اسباب‌بازی سنندج,مجید عباسی,سنندج,کردستان,خرده‌فروش,1404/04/05,484958242
480,CUST-0480,تویز اسباب‌بازی شیراز,مصطفی عباسی,شیراز,فارس,عمده‌فروش,1403/04/25,266317943
481,CUST-0481,فروشگاه پخش اسباب‌بازی خرم‌آباد,مصطفی رضایی,خرم‌آباد,لرستان,خاص,1403/09/04,318405332
482,CUST-0482,کلبه کودک یزد,امیر نوری,یزد,یزد,خرده‌فروش,1404/03/09,350916857
483,CUST-0483,شادی پخش اسباب‌بازی کرمانشاه,حسین رضایی,کرمانشاه,کرمانشاه,خاص,1404/10/14,232725121
484,CUST-0484,شادی اسباب‌بازی زنجان,فرشاد قاسمی,زنجان,زنجان,خرده‌فروش,1403/07/17,317503459
485,CUST-0485,شادی اسباب‌بازی زنجان,فرشاد حسینی,زنجان,زنجان,خرده‌فروش,1403/07/25,296314012
486,CUST-0486,دنیای اسباب‌بازی شیراز,مصطفی رحیمی,شیراز,فارس,عمده‌فروش,1404/06/29,451567425
487,CUST-0487,بچه‌ها کودک ایلام,مجید محمدی,ایلام,ایلام,خاص,1403/09/23,32268726
488,CUST-0488,کلبه پخش اسباب‌بازی قشم,امیر قاسمی,قشم,هرمزگان,خاص,1404/02/01,147671962
489,CUST-0489,دنیای اسباب‌بازی بجنورد,امیر موسوی,بجنورد,خراسان شمالی,خاص,1404/04/10,475701627
490,CUST-0490,تویز سرگرمی یزد,ناصر محمدی,یزد,یزد,عمده‌فروش,1404/11/17,446229254
491,CUST-0491,فروشگاه کودک قزوین,مهدی محمدی,قزوین,قزوین,خرده‌فروش,1403/07/02,233271808
492,CUST-0492,کلبه بازی کرمان,سعید قاسمی,کرمان,کرمان,خاص,1403/05/18,313864972
493,CUST-0493,شادی کودک بیرجند,مجید هاشمی,بیرجند,خراسان جنوبی,خاص,1404/06/30,145916779
494,CUST-0494,کلبه کودک یزد,مجید کریمی,یزد,یزد,عمده‌فروش,1403/05/20,102179368
495,CUST-0495,فانتزی سرگرمی قزوین,علی رحیمی,قزوین,قزوین,عمده‌فروش,1404/01/02,237212218
496,CUST-0496,مرکز کودک قشم,جواد جعفری,قشم,هرمزگان,خاص,1404/07/24,183142591
497,CUST-0497,شادی پخش اسباب‌بازی قشم,مجید جعفری,قشم,هرمزگان,خرده‌فروش,1404/03/27,295991494
498,CUST-0498,فروشگاه سرگرمی ارومیه,علی میرزایی,ارومیه,آذربایجان غربی,خرده‌فروش,1403/08/10,48089972
499,CUST-0499,تویز کودک اصفهان,حمید کریمی,اصفهان,اصفهان,خرده‌فروش,1403/06/18,487453455
500,CUST-0500,کلبه سرگرمی قشم,محمد قاسمی,قشم,هرمزگان,خرده‌فروش,1403/04/24,493243264
501,CUST-0501,کلبه اسباب‌بازی ایلام,مصطفی عباسی,ایلام,ایلام,خاص,1404/03/24,352099239
502,CUST-0502,شادی اسباب‌بازی همدان,فرشاد رحیمی,همدان,همدان,عمده‌فروش,1404/10/28,272687219
503,CUST-0503,بازار بازی بوشهر,مهدی موسوی,بوشهر,بوشهر,خرده‌فروش,1403/03/28,161668531
504,CUST-0504,پخش کودک اهواز,مصطفی عباسی,اهواز,خوزستان,خاص,1404/08/21,408759559
505,CUST-0505,دنیای پخش اسباب‌بازی سنندج,سعید رضایی,سنندج,کردستان,عمده‌فروش,1404/09/19,345518274
506,CUST-0506,پخش اسباب‌بازی همدان,ناصر موسوی,همدان,همدان,خرده‌فروش,1404/06/25,89682300
507,CUST-0507,بچه‌ها پخش اسباب‌بازی ارومیه,مهدی کریمی,ارومیه,آذربایجان غربی,خرده‌فروش,1404/08/05,456354320
508,CUST-0508,فروشگاه کودک کیش,مصطفی میرزایی,کیش,هرمزگان,عمده‌فروش,1404/02/25,413043249
509,CUST-0509,مرکز پخش اسباب‌بازی ساری,جواد رضایی,ساری,مازندران,عمده‌فروش,1403/09/10,475401957
510,CUST-0510,پخش پخش اسباب‌بازی قزوین,سعید صادقی,قزوین,قزوین,خاص,1403/05/22,365602559
511,CUST-0511,شادی بازی ساری,مجید محمدی,ساری,مازندران,عمده‌فروش,1404/10/07,310573446
512,CUST-0512,کلبه پخش اسباب‌بازی بجنورد,مهدی عباسی,بجنورد,خراسان شمالی,خرده‌فروش,1404/01/12,214939087
513,CUST-0513,بچه‌ها سرگرمی قشم,علی رحیمی,قشم,هرمزگان,خاص,1403/04/03,467036956
514,CUST-0514,بچه‌ها اسباب‌بازی سمنان,مصطفی نوری,سمنان,سمنان,عمده‌فروش,1404/02/11,434371305
515,CUST-0515,پخش بازی زنجان,مهدی موسوی,زنجان,زنجان,خرده‌فروش,1403/10/15,32157148
516,CUST-0516,دنیای بازی رشت,مصطفی موسوی,رشت,گیلان,عمده‌فروش,1404/11/27,22919817
517,CUST-0517,فروشگاه پخش اسباب‌بازی اصفهان,مصطفی رحیمی,اصفهان,اصفهان,عمده‌فروش,1404/04/12,194467049
518,CUST-0518,مرکز بازی اهواز,مجید احمدی,اهواز,خوزستان,عمده‌فروش,1404/03/11,407171132
519,CUST-0519,تویز کودک رشت,جواد شریفی,رشت,گیلان,عمده‌فروش,1403/10/05,493765303
520,CUST-0520,تویز اسباب‌بازی ایلام,امیر هاشمی,ایلام,ایلام,عمده‌فروش,1404/10/23,83704276
521,CUST-0521,شادی پخش اسباب‌بازی کرج,مهدی عباسی,کرج,البرز,خرده‌فروش,1403/08/24,301124050
522,CUST-0522,فروشگاه اسباب‌بازی تبریز,رضا صادقی,تبریز,آذربایجان شرقی,عمده‌فروش,1403/03/18,196636519
523,CUST-0523,کلبه پخش اسباب‌بازی کرمانشاه,مجید احمدی,کرمانشاه,کرمانشاه,خاص,1403/01/09,485258054
524,CUST-0524,فروشگاه بازی خرم‌آباد,فرشاد رضایی,خرم‌آباد,لرستان,عمده‌فروش,1404/04/31,422638272
525,CUST-0525,شادی اسباب‌بازی کرمانشاه,فرشاد میرزایی,کرمانشاه,کرمانشاه,عمده‌فروش,1403/04/12,420781065
526,CUST-0526,بچه‌ها تویز قزوین,حسین جعفری,قزوین,قزوین,خاص,1403/05/13,239659648
527,CUST-0527,فروشگاه سرگرمی کرمان,ناصر احمدی,کرمان,کرمان,خاص,1404/09/13,213261556
528,CUST-0528,فانتزی تویز ارومیه,فرشاد حسینی,ارومیه,آذربایجان غربی,خاص,1404/10/02,143969465
529,CUST-0529,شادی سرگرمی کرمان,اکبر صادقی,کرمان,کرمان,عمده‌فروش,1403/08/07,37623993
530,CUST-0530,مرکز اسباب‌بازی قم,ناصر عباسی,قم,قم,خرده‌فروش,1404/01/28,433713964
531,CUST-0531,بچه‌ها کودک زنجان,رضا کریمی,زنجان,زنجان,عمده‌فروش,1404/10/19,408321494
532,CUST-0532,کلبه سرگرمی بندرعباس,ناصر عباسی,بندرعباس,هرمزگان,خرده‌فروش,1404/09/11,499861659
533,CUST-0533,تویز کودک مشهد,حمید قاسمی,مشهد,خراسان رضوی,عمده‌فروش,1404/06/01,498352050
534,CUST-0534,تویز پخش اسباب‌بازی بجنورد,علی میرزایی,بجنورد,خراسان شمالی,خرده‌فروش,1403/08/30,282161535
535,CUST-0535,فروشگاه کودک بیرجند,مجید هاشمی,بیرجند,خراسان جنوبی,عمده‌فروش,1404/08/27,386803833
536,CUST-0536,بچه‌ها تویز تهران,حسین جعفری,تهران,تهران,خرده‌فروش,1404/08/01,472935207
537,CUST-0537,کلبه پخش اسباب‌بازی ایلام,حسین میرزایی,ایلام,ایلام,عمده‌فروش,1404/04/24,426327221
538,CUST-0538,دنیای اسباب‌بازی مشهد,علی کریمی,مشهد,خراسان رضوی,عمده‌فروش,1403/08/05,131200569
539,CUST-0539,شادی سرگرمی کرج,مهدی هاشمی,کرج,البرز,خرده‌فروش,1404/05/24,230766626
540,CUST-0540,شادی اسباب‌بازی زنجان,اکبر نوری,زنجان,زنجان,خاص,1404/06/30,73288113
541,CUST-0541,تویز اسباب‌بازی کرمان,مهدی محمدی,کرمان,کرمان,عمده‌فروش,1404/06/03,477485003
542,CUST-0542,کلبه تویز کرمان,سعید قاسمی,کرمان,کرمان,خاص,1404/10/08,307025570
543,CUST-0543,تویز پخش اسباب‌بازی شیراز,سعید عباسی,شیراز,فارس,عمده‌فروش,1403/08/29,122034974
544,CUST-0544,فروشگاه بازی بندرعباس,محمد صادقی,بندرعباس,هرمزگان,خاص,1404/09/15,339133335
545,CUST-0545,تویز پخش اسباب‌بازی کرج,فرشاد هاشمی,کرج,البرز,عمده‌فروش,1403/06/25,312882837
546,CUST-0546,مرکز پخش اسباب‌بازی تهران,علی رضایی,تهران,تهران,خرده‌فروش,1404/05/19,185499731
547,CUST-0547,مرکز تویز اراک,حسین عباسی,اراک,مرکزی,خاص,1403/09/30,65643220
548,CUST-0548,بازار تویز اهواز,مصطفی جعفری,اهواز,خوزستان,خاص,1403/10/03,339070865
549,CUST-0549,تویز پخش اسباب‌بازی شیراز,ناصر هاشمی,شیراز,فارس,خرده‌فروش,1403/03/17,264950773
550,CUST-0550,کلبه تویز سمنان,علی صادقی,سمنان,سمنان,عمده‌فروش,1404/07/29,388436011
551,CUST-0551,مرکز تویز ایلام,مصطفی محمدی,ایلام,ایلام,خاص,1404/08/06,264880115
552,CUST-0552,پخش پخش اسباب‌بازی اهواز,حمید احمدی,اهواز,خوزستان,عمده‌فروش,1403/02/15,427568935
553,CUST-0553,بازار بازی بندرعباس,امیر جعفری,بندرعباس,هرمزگان,عمده‌فروش,1403/05/30,280434350
554,CUST-0554,کلبه پخش اسباب‌بازی اصفهان,فرشاد هاشمی,اصفهان,اصفهان,عمده‌فروش,1404/03/02,284859606
555,CUST-0555,پخش بازی قزوین,بهرام عباسی,قزوین,قزوین,خرده‌فروش,1403/11/22,439560265
556,CUST-0556,دنیای تویز شیراز,محمد نوری,شیراز,فارس,عمده‌فروش,1404/11/18,207706604
557,CUST-0557,پخش سرگرمی یزد,علی جعفری,یزد,یزد,خرده‌فروش,1403/03/09,75667461
558,CUST-0558,تویز تویز گرگان,محمد نوری,گرگان,گلستان,عمده‌فروش,1404/04/09,24103511
559,CUST-0559,پخش تویز ایلام,ناصر میرزایی,ایلام,ایلام,خاص,1403/11/06,380017255
560,CUST-0560,فانتزی تویز بندرعباس,ناصر صادقی,بندرعباس,هرمزگان,خاص,1403/07/15,313951680
561,CUST-0561,مرکز اسباب‌بازی بندرعباس,بهرام جعفری,بندرعباس,هرمزگان,عمده‌فروش,1403/01/25,354999086
562,CUST-0562,بازار تویز سنندج,علی میرزایی,سنندج,کردستان,خرده‌فروش,1404/11/02,114352439
563,CUST-0563,فروشگاه کودک بوشهر,حمید حسینی,بوشهر,بوشهر,خرده‌فروش,1404/03/02,76822023
564,CUST-0564,مرکز پخش اسباب‌بازی کرج,مهدی محمدی,کرج,البرز,عمده‌فروش,1403/02/14,17126886
565,CUST-0565,بچه‌ها بازی اردبیل,فرشاد محمدی,اردبیل,اردبیل,عمده‌فروش,1404/08/13,181787903
566,CUST-0566,مرکز پخش اسباب‌بازی کیش,جواد جعفری,کیش,هرمزگان,خاص,1403/03/15,299059666
567,CUST-0567,شادی پخش اسباب‌بازی کرج,حسین حسینی,کرج,البرز,خرده‌فروش,1403/10/23,202199582
568,CUST-0568,شادی پخش اسباب‌بازی قزوین,جواد عباسی,قزوین,قزوین,خرده‌فروش,1403/11/29,224362711
569,CUST-0569,تویز کودک شهرکرد,محمد حسینی,شهرکرد,چهارمحال و بختیاری,خاص,1403/05/16,453037760
570,CUST-0570,مرکز اسباب‌بازی قم,حسین صادقی,قم,قم,خرده‌فروش,1404/04/19,180645178
571,CUST-0571,فروشگاه سرگرمی اردبیل,امیر میرزایی,اردبیل,اردبیل,خرده‌فروش,1403/07/27,261854849
572,CUST-0572,فانتزی تویز بوشهر,جواد محمدی,بوشهر,بوشهر,عمده‌فروش,1403/03/31,393989976
573,CUST-0573,دنیای اسباب‌بازی بوشهر,رضا رحیمی,بوشهر,بوشهر,عمده‌فروش,1403/11/30,204305963
574,CUST-0574,پخش تویز تبریز,سعید نوری,تبریز,آذربایجان شرقی,خاص,1403/02/20,314822483
575,CUST-0575,تویز کودک بوشهر,علی جعفری,بوشهر,بوشهر,خاص,1404/04/05,432558217
576,CUST-0576,فروشگاه بازی بندرعباس,محمد میرزایی,بندرعباس,هرمزگان,عمده‌فروش,1403/05/20,475265105
577,CUST-0577,بازار کودک تهران,حسین حسینی,تهران,تهران,خرده‌فروش,1404/02/14,82066005
578,CUST-0578,دنیای سرگرمی تبریز,مهدی شریفی,تبریز,آذربایجان شرقی,عمده‌فروش,1403/03/15,464027936
579,CUST-0579,پخش پخش اسباب‌بازی شیراز,مجید میرزایی,شیراز,فارس,عمده‌فروش,1403/05/08,251136983
580,CUST-0580,فروشگاه اسباب‌بازی خرم‌آباد,مجید احمدی,خرم‌آباد,لرستان,خاص,1403/06/18,136539750
581,CUST-0581,شادی بازی زنجان,علی جعفری,زنجان,زنجان,خرده‌فروش,1404/11/28,234976520
582,CUST-0582,بچه‌ها کودک یزد,بهرام رضایی,یزد,یزد,خرده‌فروش,1403/10/06,490215961
583,CUST-0583,مرکز اسباب‌بازی شهرکرد,ناصر قاسمی,شهرکرد,چهارمحال و بختیاری,عمده‌فروش,1404/09/20,251382866
584,CUST-0584,فانتزی بازی گرگان,بهرام نوری,گرگان,گلستان,عمده‌فروش,1404/05/01,171088289
585,CUST-0585,تویز بازی تبریز,حسین جعفری,تبریز,آذربایجان شرقی,خاص,1403/07/19,320366418
586,CUST-0586,کلبه اسباب‌بازی بندرعباس,سعید میرزایی,بندرعباس,هرمزگان,خرده‌فروش,1404/01/02,127671353
587,CUST-0587,بچه‌ها سرگرمی قشم,حمید موسوی,قشم,هرمزگان,خرده‌فروش,1404/02/01,47173030
588,CUST-0588,بازار تویز یزد,ناصر حسینی,یزد,یزد,خرده‌فروش,1403/01/31,73151063
589,CUST-0589,فانتزی سرگرمی کرج,امیر میرزایی,کرج,البرز,عمده‌فروش,1404/08/17,72742461
590,CUST-0590,فروشگاه کودک ارومیه,اکبر حسینی,ارومیه,آذربایجان غربی,خاص,1403/09/27,84432319
591,CUST-0591,پخش سرگرمی کرج,جواد میرزایی,کرج,البرز,خرده‌فروش,1404/02/01,78025314
592,CUST-0592,مرکز کودک یزد,ناصر موسوی,یزد,یزد,خاص,1404/01/02,324028624
593,CUST-0593,بچه‌ها سرگرمی مشهد,ناصر رضایی,مشهد,خراسان رضوی,عمده‌فروش,1404/07/25,99121241
594,CUST-0594,کلبه تویز قشم,حسین صادقی,قشم,هرمزگان,عمده‌فروش,1403/02/08,179376968
595,CUST-0595,پخش سرگرمی کرج,رضا احمدی,کرج,البرز,خرده‌فروش,1404/06/19,449426320
596,CUST-0596,بچه‌ها سرگرمی تهران,رضا میرزایی,تهران,تهران,خرده‌فروش,1403/05/10,242241203
597,CUST-0597,بچه‌ها اسباب‌بازی یزد,علی رضایی,یزد,یزد,خاص,1404/08/19,337103291
598,CUST-0598,فروشگاه سرگرمی کرمان,جواد موسوی,کرمان,کرمان,خرده‌فروش,1403/03/13,94436736
599,CUST-0599,دنیای اسباب‌بازی بجنورد,امیر کریمی,بجنورد,خراسان شمالی,عمده‌فروش,1403/11/25,104221619
600,CUST-0600,شادی پخش اسباب‌بازی ارومیه,مجید هاشمی,ارومیه,آذربایجان غربی,عمده‌فروش,1403/11/19,30025621
