Antecedent,Consequent,Support,Confidence,Lift
"فیگور شرک صورتی کوچک, کلاه جشن تولد نارنجی خانواده, توپ بسکتبال چندرنگ بزرگ","لگو آتش‌نشانی نارنجی کوچک, عروسک خرسی سبز خانواده",0.022724771651810277,0.4021421616358325,1.6020455163458176
"فیگور شرک صورتی کوچک, پازل چوبی سفید متوسط, لگو آتش‌نشانی نارنجی کوچک","کلاه جشن تولد نارنجی خانواده, عروسک خرسی سبز خانواده",0.033729503686585234,0.5843660629170638,1.4414045639867967
"عروسک پارچه‌ای قرمز خانواده, پازل چوبی سفید متوسط, لگو آتش‌نشانی نارنجی کوچک","کلاه جشن تولد نارنجی خانواده, عروسک خرسی سبز خانواده",0.029327610872675252,0.5818777292576419,1.4352668093822454
"فیگور شرک صورتی کوچک, توپ بسکتبال چندرنگ بزرگ, لگو آتش‌نشانی نارنجی کوچک","کلاه جشن تولد نارنجی خانواده, عروسک خرسی سبز خانواده",0.022724771651810277,0.5816901408450704,1.4348041014818553
"ماشین سرعتی زرد کوچک, توپ بسکتبال چندرنگ بزرگ, پازل چوبی سفید متوسط","کلاه جشن تولد نارنجی خانواده, لگو آتش‌نشانی نارنجی کوچک",0.023054913612853528,0.7659963436928703,1.4301641206363496
"عروسک پارچه‌ای قرمز خانواده, لگو آتش‌نشانی نارنجی کوچک, عروسک خرسی سبز خانواده","کلاه جشن تولد نارنجی خانواده, پازل چوبی سفید متوسط",0.029327610872675252,0.5362173038229376,1.4201709821740116
"ماشین سرعتی زرد کوچک, توپ بسکتبال چندرنگ بزرگ, لگو آتش‌نشانی نارنجی کوچک","کلاه جشن تولد نارنجی خانواده, پازل چوبی سفید متوسط",0.023054913612853528,0.5330788804071247,1.4118588709587705
"فیگور شرک صورتی کوچک, توپ بسکتبال چندرنگ بزرگ, پازل چوبی سفید متوسط","کلاه جشن تولد نارنجی خانواده, لگو آتش‌نشانی نارنجی کوچک",0.02008363596346429,0.7556935817805384,1.4109282058022914
"فیگور شرک صورتی کوچک, کلاه جشن تولد نارنجی خانواده, پازل چوبی سفید متوسط, لگو آتش‌نشانی نارنجی کوچک",عروسک خرسی سبز خانواده,0.033729503686585234,0.5860420650095602,1.4097588999978488
"فیگور شرک صورتی کوچک, پازل چوبی سفید متوسط, لگو آتش‌نشانی نارنجی کوچک",عروسک خرسی سبز خانواده,0.03378452734675911,0.5853193517635844,1.4080203704766887
"فیگور شرک صورتی کوچک, لگو آتش‌نشانی نارنجی کوچک, عروسک خرسی سبز خانواده","کلاه جشن تولد نارنجی خانواده, پازل چوبی سفید متوسط",0.033729503686585234,0.5311958405545927,1.4068716418302487
"ماشین سرعتی زرد کوچک, پازل چوبی سفید متوسط, لگو آتش‌نشانی نارنجی کوچک","کلاه جشن تولد نارنجی خانواده, عروسک خرسی سبز خانواده",0.03615054473423572,0.5703125,1.406739871742671
"ماشین سرعتی زرد کوچک, توپ بسکتبال چندرنگ بزرگ, لگو آتش‌نشانی نارنجی کوچک","کلاه جشن تولد نارنجی خانواده, عروسک خرسی سبز خانواده",0.024650599757895894,0.5699745547073791,1.4059062917008562
"کلاه جشن تولد نارنجی خانواده, پازل چوبی سفید متوسط, لگو آتش‌نشانی نارنجی کوچک, عروسک پارچه‌ای قرمز خانواده",عروسک خرسی سبز خانواده,0.029327610872675252,0.5844298245614036,1.4058805601031037
"فیگور شرک صورتی کوچک, کلاه جشن تولد نارنجی خانواده, توپ بسکتبال چندرنگ بزرگ, لگو آتش‌نشانی نارنجی کوچک",عروسک خرسی سبز خانواده,0.022724771651810277,0.5841584158415841,1.4052276703514162
"عروسک پارچه‌ای قرمز خانواده, پازل چوبی سفید متوسط, لگو آتش‌نشانی نارنجی کوچک",عروسک خرسی سبز خانواده,0.029382634532849124,0.5829694323144105,1.402367500050575
"ماشین سرعتی زرد کوچک, کلاه جشن تولد نارنجی خانواده, توپ بسکتبال چندرنگ بزرگ, پازل چوبی سفید متوسط",لگو آتش‌نشانی نارنجی کوچک,0.023054913612853528,0.7716390423572744,1.3992983392337963
"فیگور شرک صورتی کوچک, توپ بسکتبال چندرنگ بزرگ, لگو آتش‌نشانی نارنجی کوچک",عروسک خرسی سبز خانواده,0.022724771651810277,0.5816901408450704,1.3992900886457063
"ماشین سرعتی زرد کوچک, پازل چوبی سفید متوسط, توپ بسکتبال چندرنگ بزرگ",لگو آتش‌نشانی نارنجی کوچک,0.023164960933201275,0.7696526508226691,1.3956961959739762
"ماشین سرعتی زرد کوچک, لگو آتش‌نشانی نارنجی کوچک, عروسک خرسی سبز خانواده","کلاه جشن تولد نارنجی خانواده, پازل چوبی سفید متوسط",0.03615054473423572,0.5264423076923077,1.394281914893617
"فیگور شرک صورتی کوچک, پازل چوبی سفید متوسط, عروسک خرسی سبز خانواده","کلاه جشن تولد نارنجی خانواده, لگو آتش‌نشانی نارنجی کوچک",0.033729503686585234,0.745742092457421,1.3923481393385218
"کلاه جشن تولد نارنجی خانواده, عروسک خرسی سبز خانواده, لگو آتش‌نشانی نارنجی کوچک, عروسک پارچه‌ای قرمز خانواده",پازل چوبی سفید متوسط,0.029327610872675252,0.538928210313448,1.3906689328747128
"توپ بسکتبال چندرنگ بزرگ, لگو آتش‌نشانی نارنجی کوچک, عروسک خرسی سبز خانواده","کلاه جشن تولد نارنجی خانواده, پازل چوبی سفید متوسط",0.04236821833388357,0.5248807089297887,1.390146022164089
"عروسک پارچه‌ای قرمز خانواده, لگو آتش‌نشانی نارنجی کوچک, عروسک خرسی سبز خانواده",پازل چوبی سفید متوسط,0.029382634532849124,0.5372233400402414,1.3862696268481254
"توپ بسکتبال چندرنگ بزرگ, لگو آتش‌نشانی نارنجی کوچک, پازل چوبی سفید متوسط","کلاه جشن تولد نارنجی خانواده, عروسک خرسی سبز خانواده",0.04236821833388357,0.5612244897959184,1.3843232732832549
"ماشین سرعتی زرد کوچک, کلاه جشن تولد نارنجی خانواده, توپ بسکتبال چندرنگ بزرگ, لگو آتش‌نشانی نارنجی کوچک",پازل چوبی سفید متوسط,0.023054913612853528,0.5358056265984655,1.3826113102087907
"ماشین سرعتی زرد کوچک, توپ بسکتبال چندرنگ بزرگ, لگو آتش‌نشانی نارنجی کوچک",پازل چوبی سفید متوسط,0.023164960933201275,0.5356234096692112,1.3821411113628062
"فیگور شرک صورتی کوچک, توپ بسکتبال چندرنگ بزرگ, عروسک خرسی سبز خانواده","کلاه جشن تولد نارنجی خانواده, لگو آتش‌نشانی نارنجی کوچک",0.022724771651810277,0.7401433691756272,1.3818949652144903
"ماشین سرعتی زرد کوچک, کلاه جشن تولد نارنجی خانواده, پازل چوبی سفید متوسط, لگو آتش‌نشانی نارنجی کوچک",عروسک خرسی سبز خانواده,0.03615054473423572,0.5737991266375546,1.3803077865666338
"ماشین سرعتی زرد کوچک, کلاه جشن تولد نارنجی خانواده, توپ بسکتبال چندرنگ بزرگ, لگو آتش‌نشانی نارنجی کوچک",عروسک خرسی سبز خانواده,0.024650599757895894,0.5728900255754475,1.3781208901135915
"فیگور شرک صورتی کوچک, کلاه جشن تولد نارنجی خانواده, توپ بسکتبال چندرنگ بزرگ, پازل چوبی سفید متوسط",لگو آتش‌نشانی نارنجی کوچک,0.02008363596346429,0.7588357588357588,1.3760807305010059
"فیگور شرک صورتی کوچک, پازل چوبی سفید متوسط, توپ بسکتبال چندرنگ بزرگ",لگو آتش‌نشانی نارنجی کوچک,0.020138659623638165,0.7577639751552796,1.3741371467244115
"ماشین سرعتی زرد کوچک, پازل چوبی سفید متوسط, لگو آتش‌نشانی نارنجی کوچک",عروسک خرسی سبز خانواده,0.036205568394409596,0.5711805555555555,1.374008658724906
"فیگور شرک صورتی کوچک, کلاه جشن تولد نارنجی خانواده, لگو آتش‌نشانی نارنجی کوچک, عروسک خرسی سبز خانواده",پازل چوبی سفید متوسط,0.033729503686585234,0.5321180555555556,1.3730957747645416
"فیگور شرک صورتی کوچک, لگو آتش‌نشانی نارنجی کوچک, عروسک خرسی سبز خانواده",پازل چوبی سفید متوسط,0.03378452734675911,0.5320623916811092,1.3729521377839669
"توپ بسکتبال آبی متوسط, عروسک خرسی سبز خانواده","کلاه جشن تولد نارنجی خانواده, پازل چوبی سفید متوسط",0.022119511389897657,0.5180412371134021,1.372031688035408
"ماشین سرعتی زرد کوچک, توپ بسکتبال چندرنگ بزرگ, لگو آتش‌نشانی نارنجی کوچک",عروسک خرسی سبز خانواده,0.024650599757895894,0.5699745547073791,1.3711075522504181
"توپ بسکتبال چندرنگ بزرگ, پازل چوبی سفید متوسط, عروسک خرسی سبز خانواده","کلاه جشن تولد نارنجی خانواده, لگو آتش‌نشانی نارنجی کوچک",0.04236821833388357,0.731939163498099,1.3665771889679938
"عروسک پارچه‌ای قرمز خانواده, پازل چوبی سفید متوسط, عروسک خرسی سبز خانواده","کلاه جشن تولد نارنجی خانواده, لگو آتش‌نشانی نارنجی کوچک",0.029327610872675252,0.7311385459533608,1.3650823848527205
"ماشین سرعتی زرد کوچک, کلاه جشن تولد نارنجی خانواده, لگو آتش‌نشانی نارنجی کوچک, عروسک خرسی سبز خانواده",پازل چوبی سفید متوسط,0.03615054473423572,0.5281350482315113,1.3628178853555992
"فیگور شرک صورتی کوچک, توپ بسکتبال چندرنگ بزرگ, لگو آتش‌نشانی نارنجی کوچک","کلاه جشن تولد نارنجی خانواده, پازل چوبی سفید متوسط",0.02008363596346429,0.5140845070422535,1.3615522924782737
"ماشین سرعتی زرد کوچک, لگو آتش‌نشانی نارنجی کوچک, عروسک خرسی سبز خانواده",پازل چوبی سفید متوسط,0.036205568394409596,0.5272435897435898,1.360517535141275
"کلاه جشن تولد نارنجی خانواده, توپ بسکتبال چندرنگ بزرگ, لگو آتش‌نشانی نارنجی کوچک, عروسک خرسی سبز خانواده",پازل چوبی سفید متوسط,0.04236821833388357,0.5266757865937073,1.3590523563189032
"کلاه جشن تولد نارنجی خانواده, توپ بسکتبال چندرنگ بزرگ, لگو آتش‌نشانی نارنجی کوچک, پازل چوبی سفید متوسط",عروسک خرسی سبز خانواده,0.04236821833388357,0.5649303008070433,1.3589733007104177
"توپ بسکتبال چندرنگ بزرگ, لگو آتش‌نشانی نارنجی کوچک, عروسک خرسی سبز خانواده",پازل چوبی سفید متوسط,0.04242324199405745,0.5255623721881391,1.3561792634029872
"ماشین سرعتی زرد کوچک, توپ بسکتبال چندرنگ بزرگ, عروسک خرسی سبز خانواده","کلاه جشن تولد نارنجی خانواده, لگو آتش‌نشانی نارنجی کوچک",0.024650599757895894,0.7260940032414911,1.3556639012647278
"فیگور شرک صورتی کوچک, کلاه جشن تولد نارنجی خانواده, پازل چوبی سفید متوسط, عروسک خرسی سبز خانواده",لگو آتش‌نشانی نارنجی کوچک,0.033729503686585234,0.7475609756097561,1.3556349202486238
"فیگور شرک صورتی کوچک, پازل چوبی سفید متوسط, عروسک خرسی سبز خانواده",لگو آتش‌نشانی نارنجی کوچک,0.03378452734675911,0.7469586374695864,1.3545426339425528
"عروسک پارچه‌ای قرمز خانواده, توپ بسکتبال چندرنگ بزرگ","کلاه جشن تولد نارنجی خانواده, پازل چوبی سفید متوسط",0.024210410476504896,0.5104408352668214,1.3519020314979906
"پازل چوبی سفید متوسط, لگو آتش‌نشانی نارنجی کوچک, توپ بسکتبال چندرنگ بزرگ",عروسک خرسی سبز خانواده,0.04242324199405745,0.5619533527696794,1.35181207587507
"توپ بسکتبال آبی متوسط, کلاه جشن تولد نارنجی خانواده, عروسک خرسی سبز خانواده",پازل چوبی سفید متوسط,0.022119511389897657,0.5234375,1.3506961699559845
"فیگور شرک صورتی کوچک, ماشین سرعتی زرد کوچک","کلاه جشن تولد نارنجی خانواده, عروسک خرسی سبز خانواده",0.026136238582590513,0.5472350230414746,1.3498166814272203
"فیگور شرک صورتی کوچک, کلاه جشن تولد نارنجی خانواده, توپ بسکتبال چندرنگ بزرگ, عروسک خرسی سبز خانواده",لگو آتش‌نشانی نارنجی کوچک,0.022724771651810277,0.7441441441441441,1.3494388022027215
"عروسک پارچه‌ای قرمز خانواده, توپ بسکتبال چندرنگ بزرگ","کلاه جشن تولد نارنجی خانواده, عروسک خرسی سبز خانواده",0.02586112028172114,0.5452436194895592,1.3449046607767712
"توپ بسکتبال آبی متوسط, عروسک خرسی سبز خانواده",پازل چوبی سفید متوسط,0.022229558710245404,0.520618556701031,1.3434220714872265
"فیگور شرک صورتی کوچک, توپ بسکتبال چندرنگ بزرگ, عروسک خرسی سبز خانواده",لگو آتش‌نشانی نارنجی کوچک,0.022724771651810277,0.7401433691756272,1.342183754879051
"ماشین سرعتی زرد کوچک, پازل چوبی سفید متوسط, عروسک خرسی سبز خانواده","کلاه جشن تولد نارنجی خانواده, لگو آتش‌نشانی نارنجی کوچک",0.03615054473423572,0.7188183807439825,1.342079849151545
"توپ بسکتبال آبی متوسط, پازل چوبی سفید متوسط","کلاه جشن تولد نارنجی خانواده, عروسک خرسی سبز خانواده",0.022119511389897657,0.5425101214574899,1.3381621806960398
"فیگور شرک صورتی کوچک, کلاه جشن تولد نارنجی خانواده, توپ بسکتبال چندرنگ بزرگ, لگو آتش‌نشانی نارنجی کوچک",پازل چوبی سفید متوسط,0.02008363596346429,0.5162659123055163,1.3321903578362138
"لگو آتش‌نشانی نارنجی کوچک, پازل نقشه ایران سفید بزرگ, عروسک خرسی سبز خانواده","کلاه جشن تولد نارنجی خانواده, پازل چوبی سفید متوسط",0.023825244855287774,0.502903600464576,1.3319396728130581
"کلاه جشن تولد نارنجی خانواده, عروسک خرسی سبز خانواده, پازل چوبی سفید متوسط, عروسک پارچه‌ای قرمز خانواده",لگو آتش‌نشانی نارنجی کوچک,0.029327610872675252,0.7341597796143251,1.331333050759404
"فیگور شرک صورتی کوچک, توپ بسکتبال چندرنگ بزرگ, لگو آتش‌نشانی نارنجی کوچک",پازل چوبی سفید متوسط,0.020138659623638165,0.5154929577464789,1.33019579924528
"کلاه جشن تولد نارنجی خانواده, توپ بسکتبال چندرنگ بزرگ, پازل چوبی سفید متوسط, عروسک خرسی سبز خانواده",لگو آتش‌نشانی نارنجی کوچک,0.04236821833388357,0.7333333333333334,1.329834364398324
"ماشین سرعتی زرد کوچک, توپ بسکتبال چندرنگ بزرگ","کلاه جشن تولد نارنجی خانواده, عروسک خرسی سبز خانواده",0.03378452734675911,0.5390693590869184,1.3296751536435472
"ماشین سرعتی زرد کوچک, عروسک پارچه‌ای قرمز خانواده","کلاه جشن تولد نارنجی خانواده, پازل چوبی سفید متوسط",0.020468801584681413,0.5020242914979757,1.3296108239120095
"عروسک پارچه‌ای قرمز خانواده, توپ بسکتبال چندرنگ بزرگ, کلاه جشن تولد نارنجی خانواده",پازل چوبی سفید متوسط,0.024210410476504896,0.5152224824355972,1.3294978554287298
"فیگور شرک صورتی کوچک, عروسک پارچه‌ای قرمز خانواده","کلاه جشن تولد نارنجی خانواده, لگو آتش‌نشانی نارنجی کوچک",0.027071640805546384,0.7120115774240231,1.3293711124002667
"پازل چوبی سفید متوسط, توپ بسکتبال چندرنگ بزرگ, عروسک خرسی سبز خانواده",لگو آتش‌نشانی نارنجی کوچک,0.04242324199405745,0.7328897338403043,1.3290299364212423
"فیگور شرک صورتی کوچک, ماشین سرعتی زرد کوچک, کلاه جشن تولد نارنجی خانواده",عروسک خرسی سبز خانواده,0.026136238582590513,0.5523255813953488,1.3286519015591092
"عروسک پارچه‌ای قرمز خانواده, پازل چوبی سفید متوسط, عروسک خرسی سبز خانواده",لگو آتش‌نشانی نارنجی کوچک,0.029382634532849124,0.7325102880658436,1.3283418454708285
"پازل چوبی سفید متوسط, عروسک خرسی سفید بزرگ","کلاه جشن تولد نارنجی خانواده, عروسک خرسی سبز خانواده",0.026026191262242763,0.5381114903299203,1.3273124627111796
"عروسک پارچه‌ای قرمز خانواده, پازل چوبی سفید متوسط","کلاه جشن تولد نارنجی خانواده, عروسک خرسی سبز خانواده",0.03994717728623308,0.5377777777777778,1.326489323199421
"ماشین سرعتی زرد کوچک, پازل نقشه ایران سفید بزرگ","کلاه جشن تولد نارنجی خانواده, عروسک خرسی سبز خانواده",0.020248706943985915,0.5372262773722629,1.3251289854727886
"عروسک خرسی سفید بزرگ, عروسک خرسی سبز خانواده","کلاه جشن تولد نارنجی خانواده, پازل چوبی سفید متوسط",0.026026191262242763,0.5,1.3242494899446224
"عروسک پارچه‌ای قرمز خانواده, توپ بسکتبال چندرنگ بزرگ, کلاه جشن تولد نارنجی خانواده",عروسک خرسی سبز خانواده,0.02586112028172114,0.550351288056206,1.3239026219898726
"توپ بسکتبال آبی متوسط, عروسک خرسی سبز خانواده","کلاه جشن تولد نارنجی خانواده, لگو آتش‌نشانی نارنجی کوچک",0.030263013095631123,0.7087628865979382,1.3233055990374902
"ماشین سرعتی زرد کوچک, کلاه جشن تولد نارنجی خانواده, توپ بسکتبال چندرنگ بزرگ, عروسک خرسی سبز خانواده",لگو آتش‌نشانی نارنجی کوچک,0.024650599757895894,0.7296416938110748,1.3231399065378642
"فیگور شرک صورتی کوچک, ماشین سرعتی زرد کوچک",عروسک خرسی سبز خانواده,0.026246285902938263,0.5495391705069125,1.3219490251214596
"عروسک پارچه‌ای قرمز خانواده, توپ بسکتبال چندرنگ بزرگ",پازل چوبی سفید متوسط,0.02426543413667877,0.511600928074246,1.3201526717054304
"عروسک پارچه‌ای قرمز خانواده, عروسک خرسی سبز خانواده","کلاه جشن تولد نارنجی خانواده, پازل چوبی سفید متوسط",0.03994717728623308,0.4982841455044612,1.3197050510635495
"توپ بسکتبال آبی متوسط, پازل چوبی سفید متوسط, کلاه جشن تولد نارنجی خانواده",عروسک خرسی سبز خانواده,0.022119511389897657,0.548431105047749,1.31928350802618
"توپ بسکتبال آبی متوسط, لگو آتش‌نشانی نارنجی کوچک","کلاه جشن تولد نارنجی خانواده, پازل چوبی سفید متوسط",0.028447232309893253,0.4980732177263969,1.3191464090585159
"ماشین سرعتی زرد کوچک, عروسک پارچه‌ای قرمز خانواده","کلاه جشن تولد نارنجی خانواده, عروسک خرسی سبز خانواده",0.021789369428854406,0.5344129554655871,1.318189610834905
"عروسک پارچه‌ای قرمز خانواده, توپ بسکتبال چندرنگ بزرگ",عروسک خرسی سبز خانواده,0.02597116760206889,0.5475638051044084,1.3171971666403068
"ماشین سرعتی زرد کوچک, توپ بسکتبال چندرنگ بزرگ, عروسک خرسی سبز خانواده",لگو آتش‌نشانی نارنجی کوچک,0.024650599757895894,0.7260940032414911,1.3167064872192038
"فیگور شرک صورتی کوچک, توپ بسکتبال چندرنگ بزرگ","کلاه جشن تولد نارنجی خانواده, عروسک خرسی سبز خانواده",0.030538131396500495,0.5336538461538461,1.3163171824104234
"ماشین سرعتی زرد کوچک, عروسک پارچه‌ای قرمز خانواده, کلاه جشن تولد نارنجی خانواده",پازل چوبی سفید متوسط,0.020468801584681413,0.508891928864569,1.313162276754888
"ماشین سرعتی زرد کوچک, کلاه جشن تولد نارنجی خانواده, توپ بسکتبال چندرنگ بزرگ",عروسک خرسی سبز خانواده,0.03378452734675911,0.5452930728241564,1.311734785639473
"توپ بسکتبال آبی متوسط, پازل چوبی سفید متوسط",عروسک خرسی سبز خانواده,0.022229558710245404,0.5452091767881242,1.3115329687554427
"ماشین سرعتی زرد کوچک, کلاه جشن تولد نارنجی خانواده, پازل چوبی سفید متوسط, عروسک خرسی سبز خانواده",لگو آتش‌نشانی نارنجی کوچک,0.03615054473423572,0.7227722772277227,1.310682834397988
"ماشین سرعتی زرد کوچک, عروسک پارچه‌ای قرمز خانواده",پازل چوبی سفید متوسط,0.020688896225376913,0.5074224021592443,1.3093702593840841
"فیگور بتمن نارنجی بزرگ, عروسک خرسی سبز خانواده","کلاه جشن تولد نارنجی خانواده, پازل چوبی سفید متوسط",0.021074061846594036,0.49419354838709684,1.3088711087710723
"توپ بسکتبال آبی متوسط, لگو آتش‌نشانی نارنجی کوچک","کلاه جشن تولد نارنجی خانواده, عروسک خرسی سبز خانواده",0.030263013095631123,0.5298651252408478,1.306971876510202
"عروسک پارچه‌ای قرمز خانواده, لگو آتش‌نشانی نارنجی کوچک","کلاه جشن تولد نارنجی خانواده, عروسک خرسی سبز خانواده",0.054418399911962144,0.5297268344938404,1.3066307668418913
"ماشین سرعتی زرد کوچک, پازل نقشه ایران سفید بزرگ",عروسک خرسی سبز خانواده,0.020468801584681413,0.543065693430657,1.3063766925756135
"کلاه جشن تولد نارنجی خانواده, پازل چوبی سفید متوسط, عروسک خرسی سفید بزرگ",عروسک خرسی سبز خانواده,0.026026191262242763,0.5430539609644087,1.3063484694331124
"پازل چوبی سفید متوسط, پازل نقشه ایران سفید بزرگ, عروسک خرسی سبز خانواده","کلاه جشن تولد نارنجی خانواده, لگو آتش‌نشانی نارنجی کوچک",0.023825244855287774,0.6995153473344103,1.3060398523171948
"فیگور شرک صورتی کوچک, پازل چوبی سفید متوسط","کلاه جشن تولد نارنجی خانواده, عروسک خرسی سبز خانواده",0.04511940134257731,0.5293737895416398,1.3057599417928558
"ماشین سرعتی زرد کوچک, کلاه جشن تولد نارنجی خانواده, پازل نقشه ایران سفید بزرگ",عروسک خرسی سبز خانواده,0.020248706943985915,0.5427728613569321,1.3056722676771522
"ماشین سرعتی زرد کوچک, پازل چوبی سفید متوسط, عروسک خرسی سبز خانواده",لگو آتش‌نشانی نارنجی کوچک,0.036205568394409596,0.7199124726477024,1.3054968347534768
"فیگور شرک صورتی کوچک, عروسک پارچه‌ای قرمز خانواده, کلاه جشن تولد نارنجی خانواده",لگو آتش‌نشانی نارنجی کوچک,0.027071640805546384,0.719298245614035,1.3043829890031404
"پازل چوبی سفید متوسط, فیگور بتمن نارنجی بزرگ","کلاه جشن تولد نارنجی خانواده, لگو آتش‌نشانی نارنجی کوچک",0.027896995708154508,0.6983471074380165,1.3038586737804103
"کلاه جشن تولد نارنجی خانواده, لگو آتش‌نشانی نارنجی کوچک, پازل نقشه ایران سفید بزرگ, عروسک خرسی سبز خانواده",پازل چوبی سفید متوسط,0.023825244855287774,0.5052508751458576,1.3037667762176368
"عروسک پارچه‌ای قرمز خانواده, پازل چوبی سفید متوسط, کلاه جشن تولد نارنجی خانواده",عروسک خرسی سبز خانواده,0.03994717728623308,0.5417910447761194,1.3033104497367562
"توپ بسکتبال چندرنگ بزرگ, عروسک خرسی سفید بزرگ","کلاه جشن تولد نارنجی خانواده, لگو آتش‌نشانی نارنجی کوچک",0.021239132827115658,0.6980108499095841,1.3032308594880606
"ماشین سرعتی زرد کوچک, عروسک پارچه‌ای قرمز خانواده, کلاه جشن تولد نارنجی خانواده",عروسک خرسی سبز خانواده,0.021789369428854406,0.5417236662106703,1.3031483666065813
"ماشین سرعتی زرد کوچک, توپ بسکتبال چندرنگ بزرگ",عروسک خرسی سبز خانواده,0.03394959832728073,0.5417032484635645,1.3030992505065284
"فیگور شرک صورتی کوچک, ماشین سرعتی زرد کوچک","کلاه جشن تولد نارنجی خانواده, پازل چوبی سفید متوسط",0.023495102894244526,0.49193548387096775,1.3028906272035803
"توپ بسکتبال آبی متوسط, لگو آتش‌نشانی نارنجی کوچک, کلاه جشن تولد نارنجی خانواده",پازل چوبی سفید متوسط,0.028447232309893253,0.5048828125,1.302817014677694
"توپ بسکتبال آبی متوسط, پازل چوبی سفید متوسط","کلاه جشن تولد نارنجی خانواده, لگو آتش‌نشانی نارنجی کوچک",0.028447232309893253,0.6977058029689609,1.302661317357499
"کلاه جشن تولد نارنجی خانواده, عروسک خرسی سفید بزرگ, عروسک خرسی سبز خانواده",پازل چوبی سفید متوسط,0.026026191262242763,0.5048025613660618,1.3026099318851068
"پازل چوبی سفید متوسط, توپ بسکتبال چندرنگ بزرگ","کلاه جشن تولد نارنجی خانواده, عروسک خرسی سبز خانواده",0.0577748431825685,0.5279034690799396,1.3021332311426197
"پازل چوبی سفید متوسط, فیگور بتمن نارنجی بزرگ","کلاه جشن تولد نارنجی خانواده, عروسک خرسی سبز خانواده",0.021074061846594036,0.5275482093663912,1.3012569431358298
"فیگور شرک صورتی کوچک, کلاه جشن تولد نارنجی خانواده, توپ بسکتبال چندرنگ بزرگ",عروسک خرسی سبز خانواده,0.030538131396500495,0.5404089581304771,1.2999857584464978
"عروسک پارچه‌ای قرمز خانواده, کلاه جشن تولد نارنجی خانواده, عروسک خرسی سبز خانواده",پازل چوبی سفید متوسط,0.03994717728623308,0.5034674063800277,1.2991646519310838
"عروسک پارچه‌ای قرمز خانواده, پازل چوبی سفید متوسط",عروسک خرسی سبز خانواده,0.040112248266754705,0.54,1.299001985440106
"توپ بسکتبال آبی متوسط, کلاه جشن تولد نارنجی خانواده, عروسک خرسی سبز خانواده",لگو آتش‌نشانی نارنجی کوچک,0.030263013095631123,0.7161458333333334,1.2986663714827382
"لگو آتش‌نشانی نارنجی کوچک, پازل نقشه ایران سفید بزرگ, عروسک خرسی سبز خانواده",پازل چوبی سفید متوسط,0.023825244855287774,0.502903600464576,1.2977097877102377
"پازل چوبی سفید متوسط, عروسک خرسی سفید بزرگ",عروسک خرسی سبز خانواده,0.026081214922416638,0.5392491467576792,1.2971957634909415
"فیگور شرک صورتی کوچک, عروسک پارچه‌ای قرمز خانواده",لگو آتش‌نشانی نارنجی کوچک,0.027181688125894134,0.7149059334298119,1.2964179239825786
"ماشین سرعتی زرد کوچک, عروسک پارچه‌ای قرمز خانواده",عروسک خرسی سبز خانواده,0.021954440409376032,0.5384615384615384,1.2953011250827267
"لگو آتش‌نشانی نارنجی کوچک, فیگور بتمن نارنجی بزرگ","کلاه جشن تولد نارنجی خانواده, پازل چوبی سفید متوسط",0.027896995708154508,0.48891031822565095,1.2948784790779626
"عروسک پارچه‌ای قرمز خانواده, لگو آتش‌نشانی نارنجی کوچک","کلاه جشن تولد نارنجی خانواده, پازل چوبی سفید متوسط",0.050181578078573784,0.48848419925013387,1.2937499034059943
"عروسک خرسی سفید بزرگ, عروسک خرسی سبز خانواده",پازل چوبی سفید متوسط,0.026081214922416638,0.5010570824524313,1.2929449689749377
"توپ بسکتبال آبی متوسط, لگو آتش‌نشانی نارنجی کوچک, کلاه جشن تولد نارنجی خانواده",عروسک خرسی سبز خانواده,0.030263013095631123,0.537109375,1.292048415784249
"عروسک پارچه‌ای قرمز خانواده, لگو آتش‌نشانی نارنجی کوچک, کلاه جشن تولد نارنجی خانواده",عروسک خرسی سبز خانواده,0.054418399911962144,0.5369163952225842,1.2915841914990396
"عروسک پارچه‌ای قرمز خانواده, عروسک خرسی سبز خانواده",پازل چوبی سفید متوسط,0.040112248266754705,0.5003431708991077,1.2911027669913935
"فیگور شرک صورتی کوچک, توپ بسکتبال چندرنگ بزرگ",عروسک خرسی سبز خانواده,0.03070320237702212,0.5365384615384615,1.2906750496360027
"توپ بسکتبال آبی متوسط, لگو آتش‌نشانی نارنجی کوچک",پازل چوبی سفید متوسط,0.028557279630241003,0.5,1.2902172369728808
"ماشین سرعتی زرد کوچک, پازل چوبی سفید متوسط","کلاه جشن تولد نارنجی خانواده, عروسک خرسی سبز خانواده",0.050016507098052165,0.5230149597238205,1.29007517345558
"توپ بسکتبال آبی متوسط, عروسک خرسی سبز خانواده",لگو آتش‌نشانی نارنجی کوچک,0.03037306041597887,0.711340206185567,1.2899517967687584
"ماشین سرعتی زرد کوچک, لگو آتش‌نشانی نارنجی کوچک","کلاه جشن تولد نارنجی خانواده, عروسک خرسی سبز خانواده",0.06844943325630021,0.5229087852038671,1.2898132820704507
"توپ بسکتبال چندرنگ بزرگ, عروسک خرسی سبز خانواده","کلاه جشن تولد نارنجی خانواده, پازل چوبی سفید متوسط",0.0577748431825685,0.48656163113994433,1.2886579837273897
"کلاه جشن تولد نارنجی خانواده, فیگور بتمن نارنجی بزرگ, عروسک خرسی سبز خانواده",پازل چوبی سفید متوسط,0.021074061846594036,0.49869791666666663,1.2868572962515972
"پازل چوبی سفید متوسط, عروسک خرسی سفید بزرگ","کلاه جشن تولد نارنجی خانواده, لگو آتش‌نشانی نارنجی کوچک",0.03328931440519423,0.6882821387940842,1.2850667341733806
"فیگور شرک صورتی کوچک, کلاه جشن تولد نارنجی خانواده, پازل چوبی سفید متوسط",عروسک خرسی سبز خانواده,0.04511940134257731,0.5338541666666666,1.2842178193249503
"توپ بسکتبال چندرنگ بزرگ, پازل نقشه ایران سفید بزرگ","کلاه جشن تولد نارنجی خانواده, پازل چوبی سفید متوسط",0.021789369428854406,0.48470012239902077,1.2837277797259987
"کلاه جشن تولد نارنجی خانواده, پازل چوبی سفید متوسط, فیگور بتمن نارنجی بزرگ",عروسک خرسی سبز خانواده,0.021074061846594036,0.5334261838440111,1.283188281294647
"فیگور بتمن نارنجی بزرگ, عروسک خرسی سبز خانواده",پازل چوبی سفید متوسط,0.021184109166941786,0.49677419354838714,1.2818932547988624
"ماشین سرعتی زرد کوچک, توپ بسکتبال چندرنگ بزرگ","کلاه جشن تولد نارنجی خانواده, لگو آتش‌نشانی نارنجی کوچک",0.04302850225597007,0.6865671641791045,1.2818647669807937
"فیگور شرک صورتی کوچک, ماشین سرعتی زرد کوچک, کلاه جشن تولد نارنجی خانواده",پازل چوبی سفید متوسط,0.023495102894244526,0.4965116279069768,1.2812157213660933
"کلاه جشن تولد نارنجی خانواده, پازل چوبی سفید متوسط, توپ بسکتبال چندرنگ بزرگ",عروسک خرسی سبز خانواده,0.0577748431825685,0.5324543610547667,1.280850504011824
"لگو آتش‌نشانی نارنجی کوچک, عروسک خرسی سفید بزرگ","کلاه جشن تولد نارنجی خانواده, پازل چوبی سفید متوسط",0.03328931440519423,0.48361310951239006,1.2808488272046308
"عروسک پارچه‌ای قرمز خانواده, لگو آتش‌نشانی نارنجی کوچک",عروسک خرسی سبز خانواده,0.05469351821283152,0.5324049276914837,1.2807315891283952
"کلاه جشن تولد نارنجی خانواده, پازل چوبی سفید متوسط, فیگور بتمن نارنجی بزرگ",لگو آتش‌نشانی نارنجی کوچک,0.027896995708154508,0.7061281337047354,1.2805001698213792
"کلاه جشن تولد نارنجی خانواده, لگو آتش‌نشانی نارنجی کوچک, فیگور بتمن نارنجی بزرگ",پازل چوبی سفید متوسط,0.027896995708154508,0.4960861056751468,1.280117689129649
"پازل چوبی سفید متوسط, توپ بسکتبال چندرنگ بزرگ","کلاه جشن تولد نارنجی خانواده, لگو آتش‌نشانی نارنجی کوچک",0.07499724881699131,0.6852689793866265,1.2794409730195757
"توپ بسکتبال آبی متوسط, لگو آتش‌نشانی نارنجی کوچک",عروسک خرسی سبز خانواده,0.03037306041597887,0.5317919075144508,1.2792569327819496
"توپ بسکتبال آبی متوسط, پازل چوبی سفید متوسط, کلاه جشن تولد نارنجی خانواده",لگو آتش‌نشانی نارنجی کوچک,0.028447232309893253,0.7053206002728513,1.2790357802193972
"عروسک پارچه‌ای قرمز خانواده, لگو آتش‌نشانی نارنجی کوچک, کلاه جشن تولد نارنجی خانواده",پازل چوبی سفید متوسط,0.050181578078573784,0.4951140065146579,1.2776092509438297
"پازل چوبی سفید متوسط, لگو آتش‌نشانی نارنجی کوچک, پازل نقشه ایران سفید بزرگ","کلاه جشن تولد نارنجی خانواده, عروسک خرسی سبز خانواده",0.023825244855287774,0.5179425837320574,1.2775635880491871
"کلاه جشن تولد نارنجی خانواده, توپ بسکتبال چندرنگ بزرگ, عروسک خرسی سفید بزرگ",لگو آتش‌نشانی نارنجی کوچک,0.021239132827115658,0.7043795620437956,1.277329291616837
"فیگور شرک صورتی کوچک, پازل چوبی سفید متوسط",عروسک خرسی سبز خانواده,0.04522944866292506,0.5306649451258877,1.2765459580036906
"فیگور شرک صورتی کوچک, لگو آتش‌نشانی نارنجی کوچک","کلاه جشن تولد نارنجی خانواده, عروسک خرسی سبز خانواده",0.06338725652030373,0.5175202156334232,1.276521769669087
"پازل چوبی سفید متوسط, فیگور بتمن نارنجی بزرگ",لگو آتش‌نشانی نارنجی کوچک,0.028117090348850005,0.7038567493112948,1.2763812175198037
"پازل چوبی سفید متوسط, فیگور بتمن نارنجی بزرگ",عروسک خرسی سبز خانواده,0.021184109166941786,0.5303030303030304,1.2756753504602614
"توپ بسکتبال چندرنگ بزرگ, عروسک خرسی سفید بزرگ",لگو آتش‌نشانی نارنجی کوچک,0.021404203807637284,0.7034358047016275,1.2756178721460167
"فیگور شرک صورتی کوچک, ماشین سرعتی زرد کوچک",پازل چوبی سفید متوسط,0.023605150214592276,0.4942396313364056,1.2753529830907049
"ماشین سرعتی زرد کوچک, کلاه جشن تولد نارنجی خانواده, پازل چوبی سفید متوسط",عروسک خرسی سبز خانواده,0.050016507098052165,0.5300291545189504,1.2750165260393653
"ماشین سرعتی زرد کوچک, لگو آتش‌نشانی نارنجی کوچک","کلاه جشن تولد نارنجی خانواده, پازل چوبی سفید متوسط",0.06300209089908661,0.48129466162253043,1.2747084203334111
"کلاه جشن تولد نارنجی خانواده, پازل چوبی سفید متوسط, پازل نقشه ایران سفید بزرگ, عروسک خرسی سبز خانواده",لگو آتش‌نشانی نارنجی کوچک,0.023825244855287774,0.702922077922078,1.2746862746114394
"ماشین سرعتی زرد کوچک, کلاه جشن تولد نارنجی خانواده, لگو آتش‌نشانی نارنجی کوچک",عروسک خرسی سبز خانواده,0.06844943325630021,0.529136537643556,1.2728692832738564
"پازل چوبی سفید متوسط, توپ بسکتبال چندرنگ بزرگ",عروسک خرسی سبز خانواده,0.05788489050291625,0.5289089994972348,1.2723219267852741
"لگو آتش‌نشانی نارنجی کوچک, فیگور بتمن نارنجی بزرگ",پازل چوبی سفید متوسط,0.028117090348850005,0.49276759884281585,1.2715544996974777
"توپ بسکتبال آبی متوسط, پازل چوبی سفید متوسط",لگو آتش‌نشانی نارنجی کوچک,0.028557279630241003,0.7004048582995952,1.2701215221250095
"فیگور شرک صورتی کوچک, توپ بسکتبال چندرنگ بزرگ","کلاه جشن تولد نارنجی خانواده, لگو آتش‌نشانی نارنجی کوچک",0.03890172774292946,0.6798076923076923,1.26924440106842
"پازل چوبی سفید متوسط, پازل نقشه ایران سفید بزرگ, عروسک خرسی سبز خانواده",لگو آتش‌نشانی نارنجی کوچک,0.023825244855287774,0.6995153473344103,1.2685084736036294
"فیگور شرک صورتی کوچک, عروسک خرسی سبز خانواده","کلاه جشن تولد نارنجی خانواده, پازل چوبی سفید متوسط",0.04511940134257731,0.47869235259778165,1.2678162075360075
"عروسک پارچه‌ای قرمز خانواده, عروسک خرسی سبز خانواده","کلاه جشن تولد نارنجی خانواده, لگو آتش‌نشانی نارنجی کوچک",0.054418399911962144,0.6787920384351407,1.267348110388355
"کلاه جشن تولد نارنجی خانواده, لگو آتش‌نشانی نارنجی کوچک, عروسک خرسی سفید بزرگ",پازل چوبی سفید متوسط,0.03328931440519423,0.4910714285714286,1.267177643455508
"کلاه جشن تولد نارنجی خانواده, توپ بسکتبال چندرنگ بزرگ, عروسک خرسی سبز خانواده",پازل چوبی سفید متوسط,0.0577748431825685,0.4908835904628331,1.2666929395245674
"عروسک پارچه‌ای قرمز خانواده, لگو آتش‌نشانی نارنجی کوچک",پازل چوبی سفید متوسط,0.050401672719269285,0.49062667380824854,1.2660299829321466
"ماشین سرعتی زرد کوچک, پازل چوبی سفید متوسط",عروسک خرسی سبز خانواده,0.050291625398921534,0.525891829689298,1.2650639460983855
"توپ بسکتبال چندرنگ بزرگ, عروسک خرسی سبز خانواده","کلاه جشن تولد نارنجی خانواده, لگو آتش‌نشانی نارنجی کوچک",0.08044459117420491,0.6774791473586654,1.2648968588551865
"کلاه جشن تولد نارنجی خانواده, توپ بسکتبال چندرنگ بزرگ, پازل نقشه ایران سفید بزرگ",پازل چوبی سفید متوسط,0.021789369428854406,0.4894932014833127,1.2631051318696187
"عروسک پارچه‌ای قرمز خانواده, توپ بسکتبال چندرنگ بزرگ","کلاه جشن تولد نارنجی خانواده, لگو آتش‌نشانی نارنجی کوچک",0.032078793881368986,0.6763341067285382,1.2627589948309488
"ماشین سرعتی زرد کوچک, توپ بسکتبال چندرنگ بزرگ","کلاه جشن تولد نارنجی خانواده, پازل چوبی سفید متوسط",0.029877847474413997,0.47673397717295873,1.2626294522211239
"ماشین سرعتی زرد کوچک, لگو آتش‌نشانی نارنجی کوچک",عروسک خرسی سبز خانواده,0.06866952789699571,0.5245901639344261,1.2619327120243893
"عروسک پارچه‌ای قرمز خانواده, پازل چوبی سفید متوسط","کلاه جشن تولد نارنجی خانواده, لگو آتش‌نشانی نارنجی کوچک",0.050181578078573784,0.6755555555555556,1.261305390041778
"فیگور شرک صورتی کوچک, پازل چوبی سفید متوسط","کلاه جشن تولد نارنجی خانواده, لگو آتش‌نشانی نارنجی کوچک",0.05755474854187301,0.6752743705616527,1.2607803996905156
"ماشین سرعتی زرد کوچک, عروسک خرسی سبز خانواده","کلاه جشن تولد نارنجی خانواده, پازل چوبی سفید متوسط",0.050016507098052165,0.47591623036649217,1.2604636506383895
"کلاه جشن تولد نارنجی خانواده, پازل چوبی سفید متوسط, عروسک خرسی سفید بزرگ",لگو آتش‌نشانی نارنجی کوچک,0.03328931440519423,0.6946039035591274,1.2596020099065637
"ماشین سرعتی زرد کوچک, کلاه جشن تولد نارنجی خانواده, توپ بسکتبال چندرنگ بزرگ",لگو آتش‌نشانی نارنجی کوچک,0.04302850225597007,0.69449378330373,1.259402316679504
"کتاب قصه‌های کهن سبز متوسط, پازل چوبی سفید متوسط","کلاه جشن تولد نارنجی خانواده, لگو آتش‌نشانی نارنجی کوچک",0.020633872565203038,0.6744604316546763,1.2592607237407116
"کلاه جشن تولد نارنجی خانواده, پازل چوبی سفید متوسط, لگو آتش‌نشانی نارنجی کوچک, پازل نقشه ایران سفید بزرگ",عروسک خرسی سبز خانواده,0.023825244855287774,0.5229468599033816,1.25797964684104
"توپ بسکتبال چندرنگ بزرگ, عروسک خرسی سبز خانواده",پازل چوبی سفید متوسط,0.05788489050291625,0.48748841519925856,1.2579319122293517
"توپ بسکتبال چندرنگ بزرگ, لگو آتش‌نشانی نارنجی کوچک","کلاه جشن تولد نارنجی خانواده, پازل چوبی سفید متوسط",0.07499724881699131,0.47474747474747475,1.2573682025736819
"ماشین سرعتی زرد کوچک, کلاه جشن تولد نارنجی خانواده, لگو آتش‌نشانی نارنجی کوچک",پازل چوبی سفید متوسط,0.06300209089908661,0.4870267971076138,1.2567407369918746
"توپ بسکتبال چندرنگ بزرگ, لگو آتش‌نشانی نارنجی کوچک","کلاه جشن تولد نارنجی خانواده, عروسک خرسی سبز خانواده",0.08044459117420491,0.5092302333681644,1.2560735968014414
"فیگور شرک صورتی کوچک, کلاه جشن تولد نارنجی خانواده, لگو آتش‌نشانی نارنجی کوچک",عروسک خرسی سبز خانواده,0.06338725652030373,0.521975532396919,1.2556430609902853
"فیگور شرک صورتی کوچک, عروسک خرسی سبز خانواده","کلاه جشن تولد نارنجی خانواده, لگو آتش‌نشانی نارنجی کوچک",0.06338725652030373,0.6725043782837128,1.255608647105835
"پازل چوبی سفید متوسط, عروسک خرسی سفید بزرگ",لگو آتش‌نشانی نارنجی کوچک,0.03345438538571586,0.6916951080773607,1.254327169646573
"لگو آتش‌نشانی نارنجی کوچک, عروسک خرسی سفید بزرگ",پازل چوبی سفید متوسط,0.03345438538571586,0.4860111910471623,1.2541200321015373
"کلاه جشن تولد نارنجی خانواده, پازل چوبی سفید متوسط, توپ بسکتبال چندرنگ بزرگ",لگو آتش‌نشانی نارنجی کوچک,0.07499724881699131,0.6911764705882354,1.2533866669797038
"فیگور بتمن نارنجی بزرگ, عروسک خرسی سبز خانواده","کلاه جشن تولد نارنجی خانواده, لگو آتش‌نشانی نارنجی کوچک",0.02861230329041488,0.6709677419354839,1.2527396488530393
"کتاب قصه‌های کهن سبز متوسط, لگو آتش‌نشانی نارنجی کوچک","کلاه جشن تولد نارنجی خانواده, پازل چوبی سفید متوسط",0.020633872565203038,0.4728877679697352,1.2524427710699457
"توپ بسکتبال چندرنگ بزرگ, پازل نقشه ایران سفید بزرگ","کلاه جشن تولد نارنجی خانواده, لگو آتش‌نشانی نارنجی کوچک",0.030152965775283373,0.6707466340269278,1.2523268262590288
"لگو آتش‌نشانی نارنجی کوچک, عروسک خرسی سبز خانواده","کلاه جشن تولد نارنجی خانواده, پازل چوبی سفید متوسط",0.118631011334874,0.4725997369574748,1.2516799212277976
"ماشین سرعتی زرد کوچک, توپ بسکتبال چندرنگ بزرگ",لگو آتش‌نشانی نارنجی کوچک,0.04324859689666557,0.6900790166812995,1.2513965325449947
"پازل چوبی سفید متوسط, توپ بسکتبال چندرنگ بزرگ",لگو آتش‌نشانی نارنجی کوچک,0.07549246175855617,0.6897938662644544,1.2508794377858905
"توپ بسکتبال چندرنگ بزرگ, پازل نقشه ایران سفید بزرگ",پازل چوبی سفید متوسط,0.021789369428854406,0.48470012239902077,1.2507369053641635
"توپ بسکتبال چندرنگ بزرگ, پازل نقشه ایران سفید بزرگ","کلاه جشن تولد نارنجی خانواده, عروسک خرسی سبز خانواده",0.022779795311984152,0.5067319461444308,1.2499112906119552
"ماشین سرعتی زرد کوچک, لگو آتش‌نشانی نارنجی کوچک",پازل چوبی سفید متوسط,0.06338725652030373,0.4842370744010088,1.249542040347002
"فیگور شرک صورتی کوچک, کلاه جشن تولد نارنجی خانواده, توپ بسکتبال چندرنگ بزرگ",لگو آتش‌نشانی نارنجی کوچک,0.03890172774292946,0.6884128529698149,1.2483750937810234
"فیگور شرک صورتی کوچک, پازل نقشه ایران سفید بزرگ","کلاه جشن تولد نارنجی خانواده, لگو آتش‌نشانی نارنجی کوچک",0.024485528777374272,0.6681681681681682,1.247512665737445
"فیگور شرک صورتی کوچک, لگو آتش‌نشانی نارنجی کوچک",عروسک خرسی سبز خانواده,0.06349730384065148,0.518418688230009,1.2470868616667352
"پازل چوبی سفید متوسط, لگو آتش‌نشانی نارنجی کوچک, پازل نقشه ایران سفید بزرگ",عروسک خرسی سبز خانواده,0.023825244855287774,0.5179425837320574,1.2459415640961498
"فیگور شرک صورتی کوچک, کلاه جشن تولد نارنجی خانواده, عروسک خرسی سبز خانواده",پازل چوبی سفید متوسط,0.04511940134257731,0.48263684520306066,1.2454127537584019
"فیگور شرک صورتی کوچک, لگو آتش‌نشانی نارنجی کوچک","کلاه جشن تولد نارنجی خانواده, پازل چوبی سفید متوسط",0.05755474854187301,0.4699011680143756,1.2445327641348385
"ماشین سرعتی زرد کوچک, کلاه جشن تولد نارنجی خانواده, توپ بسکتبال چندرنگ بزرگ",پازل چوبی سفید متوسط,0.029877847474413997,0.48223801065719357,1.2443835873468458
"عروسک پارچه‌ای قرمز خانواده, کلاه جشن تولد نارنجی خانواده, عروسک خرسی سبز خانواده",لگو آتش‌نشانی نارنجی کوچک,0.054418399911962144,0.6858529819694869,1.2437329968383013
"عروسک خرسی سفید بزرگ, عروسک خرسی سبز خانواده","کلاه جشن تولد نارنجی خانواده, لگو آتش‌نشانی نارنجی کوچک",0.034664905909541105,0.6659619450317126,1.2433935061646133
"لگو آتش‌نشانی نارنجی کوچک, عروسک خرسی سفید بزرگ","کلاه جشن تولد نارنجی خانواده, عروسک خرسی سبز خانواده",0.034664905909541105,0.5035971223021583,1.2421788953202257
"لگو آتش‌نشانی نارنجی کوچک, پازل نقشه ایران سبز متوسط","کلاه جشن تولد نارنجی خانواده, پازل چوبی سفید متوسط",0.023605150214592276,0.46834061135371186,1.2403996314110113
"کلاه جشن تولد نارنجی خانواده, توپ بسکتبال چندرنگ بزرگ, لگو آتش‌نشانی نارنجی کوچک",پازل چوبی سفید متوسط,0.07499724881699131,0.48060648801128353,1.2401735500663165
"کلاه جشن تولد نارنجی خانواده, توپ بسکتبال چندرنگ بزرگ, لگو آتش‌نشانی نارنجی کوچک",عروسک خرسی سبز خانواده,0.08044459117420491,0.5155148095909732,1.2401014095971339
"ماشین سرعتی زرد کوچک, کلاه جشن تولد نارنجی خانواده, عروسک خرسی سبز خانواده",پازل چوبی سفید متوسط,0.050016507098052165,0.4804439746300212,1.2397541949348296
"کلاه جشن تولد نارنجی خانواده, توپ بسکتبال چندرنگ بزرگ, عروسک خرسی سبز خانواده",لگو آتش‌نشانی نارنجی کوچک,0.08044459117420491,0.683496961196821,1.2394605640382186
"ماشین سرعتی زرد کوچک, توپ بسکتبال چندرنگ بزرگ",پازل چوبی سفید متوسط,0.030097942115109497,0.48024582967515367,1.239242894862451
"کتاب قصه‌های کهن سبز متوسط, پازل چوبی سفید متوسط, کلاه جشن تولد نارنجی خانواده",لگو آتش‌نشانی نارنجی کوچک,0.020633872565203038,0.6830601092896175,1.2386683722041019
"فیگور شرک صورتی کوچک, عروسک خرسی سبز خانواده",پازل چوبی سفید متوسط,0.04522944866292506,0.4798598949211909,1.2382470155186318
"پازل چوبی سفید متوسط, لگو آتش‌نشانی نارنجی کوچک","کلاه جشن تولد نارنجی خانواده, عروسک خرسی سبز خانواده",0.118631011334874,0.5019790454016299,1.238187726809069
"فیگور شرک صورتی کوچک, توپ بسکتبال چندرنگ بزرگ",لگو آتش‌نشانی نارنجی کوچک,0.039066798723451084,0.6826923076923077,1.2380013969267611
"عروسک پارچه‌ای قرمز خانواده, توپ بسکتبال چندرنگ بزرگ, کلاه جشن تولد نارنجی خانواده",لگو آتش‌نشانی نارنجی کوچک,0.032078793881368986,0.6826697892271661,1.2379605617056992
"پازل نقشه ایران سفید بزرگ, عروسک خرسی سبز خانواده","کلاه جشن تولد نارنجی خانواده, پازل چوبی سفید متوسط",0.03389457466710685,0.4673748103186646,1.2378417083549127
"عروسک پارچه‌ای قرمز خانواده, عروسک خرسی سبز خانواده",لگو آتش‌نشانی نارنجی کوچک,0.05469351821283152,0.6822237474262183,1.2371517048218013
"ماشین سرعتی زرد کوچک, عروسک پارچه‌ای قرمز خانواده","کلاه جشن تولد نارنجی خانواده, لگو آتش‌نشانی نارنجی کوچک",0.02701661714537251,0.6626180836707153,1.2371503033317834
"لگو آتش‌نشانی نارنجی کوچک, فیگور بتمن نارنجی بزرگ","کلاه جشن تولد نارنجی خانواده, عروسک خرسی سبز خانواده",0.02861230329041488,0.5014464802314369,1.2368740949682593
"کلاه جشن تولد نارنجی خانواده, لگو آتش‌نشانی قرمز متوسط",پازل چوبی سفید متوسط,0.02079894354572466,0.4790874524714828,1.2362537783922658
"لگو آتش‌نشانی نارنجی کوچک, پازل نقشه ایران سفید بزرگ","کلاه جشن تولد نارنجی خانواده, پازل چوبی سفید متوسط",0.045559590623968305,0.4667418263810597,1.2361652510418797
"کتاب قصه‌های کهن سبز متوسط, لگو آتش‌نشانی نارنجی کوچک, کلاه جشن تولد نارنجی خانواده",پازل چوبی سفید متوسط,0.020633872565203038,0.4789272030651341,1.2358402652996943
"فیگور شرک صورتی کوچک, کلاه جشن تولد نارنجی خانواده, پازل چوبی سفید متوسط",لگو آتش‌نشانی نارنجی کوچک,0.05755474854187301,0.6809895833333334,1.2349136587008582
"ماشین سرعتی زرد کوچک, عروسک خرسی سبز خانواده",پازل چوبی سفید متوسط,0.050291625398921534,0.47853403141361256,1.2348257116159298
"فیگور شرک صورتی کوچک, ماشین سرعتی زرد کوچک","کلاه جشن تولد نارنجی خانواده, لگو آتش‌نشانی نارنجی کوچک",0.031583580939804116,0.6612903225806451,1.2346712885330435
"عروسک پارچه‌ای قرمز خانواده, پازل چوبی سفید متوسط, کلاه جشن تولد نارنجی خانواده",لگو آتش‌نشانی نارنجی کوچک,0.050181578078573784,0.6805970149253732,1.2342017710291093
"کلاه جشن تولد نارنجی خانواده, لگو آتش‌نشانی نارنجی کوچک, پازل نقشه ایران سبز متوسط",پازل چوبی سفید متوسط,0.023605150214592276,0.47826086956521746,1.2341208353653645
"کلاه جشن تولد نارنجی خانواده, لگو آتش‌نشانی نارنجی کوچک, عروسک خرسی سبز خانواده",پازل چوبی سفید متوسط,0.118631011334874,0.47804878048780486,1.2335735533984615
"توپ بسکتبال چندرنگ بزرگ, لگو آتش‌نشانی نارنجی کوچک",پازل چوبی سفید متوسط,0.07549246175855617,0.47788227098571917,1.23314388653904
"توپ بسکتبال چندرنگ بزرگ, عروسک خرسی سبز خانواده",لگو آتش‌نشانی نارنجی کوچک,0.08071970947507429,0.6797961075069509,1.2327493971094916
لگو آتش‌نشانی قرمز متوسط,"کلاه جشن تولد نارنجی خانواده, پازل چوبی سفید متوسط",0.02079894354572466,0.46494464944649444,1.2314054297640031
"کلاه جشن تولد نارنجی خانواده, توپ بسکتبال چندرنگ بزرگ, پازل نقشه ایران سفید بزرگ",عروسک خرسی سبز خانواده,0.022779795311984152,0.511742892459827,1.2310278395188479
"عروسک پارچه‌ای قرمز خانواده, توپ بسکتبال چندرنگ بزرگ",لگو آتش‌نشانی نارنجی کوچک,0.032188841201716736,0.6786542923433875,1.2306788175063585
"عروسک پارچه‌ای قرمز خانواده, پازل چوبی سفید متوسط",لگو آتش‌نشانی نارنجی کوچک,0.050401672719269285,0.6785185185185185,1.230432603827136
"کلاه جشن تولد نارنجی خانواده, لگو آتش‌نشانی نارنجی کوچک, عروسک خرسی سفید بزرگ",عروسک خرسی سبز خانواده,0.034664905909541105,0.5113636363636365,1.230115516515252
"ماشین سرعتی زرد کوچک, پازل چوبی سفید متوسط","کلاه جشن تولد نارنجی خانواده, لگو آتش‌نشانی نارنجی کوچک",0.06300209089908661,0.6588032220943614,1.230027713000095
"فیگور شرک صورتی کوچک, کلاه جشن تولد نارنجی خانواده, عروسک خرسی سبز خانواده",لگو آتش‌نشانی نارنجی کوچک,0.06338725652030373,0.6780459093584462,1.2295755694153265
"توپ بسکتبال چندرنگ بزرگ, لگو آتش‌نشانی نارنجی کوچک",عروسک خرسی سبز خانواده,0.08071970947507429,0.5109717868338558,1.2291728992612172
"کلاه جشن تولد نارنجی خانواده, توپ بسکتبال چندرنگ بزرگ, پازل نقشه ایران سفید بزرگ",لگو آتش‌نشانی نارنجی کوچک,0.030152965775283373,0.6773794808405439,1.2283670609455244
"فیگور شرک صورتی کوچک, پازل چوبی سفید متوسط",لگو آتش‌نشانی نارنجی کوچک,0.05771981952239463,0.6772111039380246,1.2280617245030594
"کلاه جشن تولد نارنجی خانواده, فیگور بتمن نارنجی بزرگ, عروسک خرسی سبز خانواده",لگو آتش‌نشانی نارنجی کوچک,0.02861230329041488,0.6770833333333333,1.2278300239473159
"کتاب قصه‌های کهن سبز متوسط, پازل چوبی سفید متوسط",لگو آتش‌نشانی نارنجی کوچک,0.020688896225376913,0.6762589928057554,1.2263351561815805
"لگو آتش‌نشانی نارنجی کوچک, عروسک خرسی سبز خانواده",پازل چوبی سفید متوسط,0.11923627159678662,0.47501096010521704,1.2257346569575769
"پازل چوبی سفید متوسط, عروسک خرسی سبز خانواده","کلاه جشن تولد نارنجی خانواده, لگو آتش‌نشانی نارنجی کوچک",0.118631011334874,0.6563165905631659,1.2253850130362625
"فیگور شرک صورتی کوچک, توپ بسکتبال چندرنگ بزرگ","کلاه جشن تولد نارنجی خانواده, پازل چوبی سفید متوسط",0.026466380543633764,0.4625,1.224930778198776
"کلاه جشن تولد نارنجی خانواده, لگو آتش‌نشانی نارنجی کوچک, فیگور بتمن نارنجی بزرگ",عروسک خرسی سبز خانواده,0.02861230329041488,0.5088062622309197,1.2239636015598592
"کلاه جشن تولد نارنجی خانواده, پازل چوبی سفید متوسط, لگو آتش‌نشانی نارنجی کوچک",عروسک خرسی سبز خانواده,0.118631011334874,0.5087305332704106,1.2237814310597541
"کتاب قصه‌های کهن سبز متوسط, لگو آتش‌نشانی نارنجی کوچک",پازل چوبی سفید متوسط,0.020688896225376913,0.4741488020176545,1.2235099145064394
"فیگور شرک صورتی کوچک, کلاه جشن تولد نارنجی خانواده, لگو آتش‌نشانی نارنجی کوچک",پازل چوبی سفید متوسط,0.05755474854187301,0.4739465337562302,1.222987974511675
"فیگور شرک صورتی کوچک, کلاه جشن تولد نارنجی خانواده, پازل نقشه ایران سفید بزرگ",لگو آتش‌نشانی نارنجی کوچک,0.024485528777374272,0.6742424242424243,1.2226782895811037
"لگو آتش‌نشانی نارنجی کوچک, پازل نقشه ایران سبز متوسط",پازل چوبی سفید متوسط,0.02388026851546165,0.4737991266375546,1.2226076001009394
"فیگور شرک صورتی کوچک, عروسک خرسی سبز خانواده",لگو آتش‌نشانی نارنجی کوچک,0.06349730384065148,0.673671920607122,1.2216437323003229
"لگو آتش‌نشانی نارنجی کوچک, عروسک خرسی سفید بزرگ",عروسک خرسی سبز خانواده,0.034940024210410474,0.5075939248601119,1.2210472522048543
"توپ بسکتبال چندرنگ بزرگ, پازل نقشه ایران سفید بزرگ",لگو آتش‌نشانی نارنجی کوچک,0.030263013095631123,0.6731946144430845,1.2207781802922189
"کلاه جشن تولد نارنجی خانواده, لگو آتش‌نشانی نارنجی کوچک, پازل نقشه ایران سفید بزرگ",پازل چوبی سفید متوسط,0.045559590623968305,0.4728726442033123,1.2202168728881155
"پازل نقشه ایران سبز متوسط, عروسک خرسی سبز خانواده","کلاه جشن تولد نارنجی خانواده, لگو آتش‌نشانی نارنجی کوچک",0.024485528777374272,0.6534508076358296,1.220034413188162
"کلاه جشن تولد نارنجی خانواده, عروسک خرسی سفید بزرگ, عروسک خرسی سبز خانواده",لگو آتش‌نشانی نارنجی کوچک,0.034664905909541105,0.672358591248666,1.219262127055803
"فیگور بتمن نارنجی بزرگ, عروسک خرسی سبز خانواده",لگو آتش‌نشانی نارنجی کوچک,0.028667326950588753,0.6722580645161291,1.219079830823801
"توپ بسکتبال چندرنگ بزرگ, پازل نقشه ایران سفید بزرگ",عروسک خرسی سبز خانواده,0.022779795311984152,0.5067319461444308,1.2189737113473047
لگو آتش‌نشانی قرمز متوسط,پازل چوبی سفید متوسط,0.02112908550676791,0.4723247232472325,1.2188029987640498
"کلاه جشن تولد نارنجی خانواده, پازل نقشه ایران سفید بزرگ, عروسک خرسی سبز خانواده",پازل چوبی سفید متوسط,0.03389457466710685,0.47203065134099614,1.2180441654793785
"ماشین سرعتی زرد کوچک, عروسک پارچه‌ای قرمز خانواده, کلاه جشن تولد نارنجی خانواده",لگو آتش‌نشانی نارنجی کوچک,0.02701661714537251,0.6716826265389877,1.2180363255557336
"عروسک خرسی سفید بزرگ, عروسک خرسی سبز خانواده",لگو آتش‌نشانی نارنجی کوچک,0.034940024210410474,0.6712473572938689,1.2172470037376546
"ماشین سرعتی زرد کوچک, عروسک خرسی سبز خانواده","کلاه جشن تولد نارنجی خانواده, لگو آتش‌نشانی نارنجی کوچک",0.06844943325630021,0.6513089005235602,1.2160353357422626
"لگو آتش‌نشانی نارنجی کوچک, پازل نقشه ایران سفید بزرگ",پازل چوبی سفید متوسط,0.045999779905359306,0.47125140924464487,1.216033382310404
"فیگور شرک صورتی کوچک, لگو آتش‌نشانی نارنجی کوچک",پازل چوبی سفید متوسط,0.05771981952239463,0.47124887690925427,1.2160268477848626
"ماشین سرعتی زرد کوچک, پازل نقشه ایران سفید بزرگ","کلاه جشن تولد نارنجی خانواده, لگو آتش‌نشانی نارنجی کوچک",0.024540552437548147,0.651094890510949,1.215635765373535
"پازل چوبی سفید متوسط, پازل نقشه ایران سفید بزرگ","کلاه جشن تولد نارنجی خانواده, لگو آتش‌نشانی نارنجی کوچک",0.045559590623968305,0.6504320502749411,1.2143982002975942
"فیگور شرک صورتی کوچک, پازل نقشه ایران سفید بزرگ",لگو آتش‌نشانی نارنجی کوچک,0.024540552437548147,0.6696696696696697,1.2143860084390918
"پازل نقشه ایران سفید بزرگ, عروسک خرسی سبز خانواده","کلاه جشن تولد نارنجی خانواده, لگو آتش‌نشانی نارنجی کوچک",0.04715527676901068,0.650227617602428,1.214016511434819
"پازل چوبی سفید متوسط, لگو آتش‌نشانی نارنجی کوچک",عروسک خرسی سبز خانواده,0.11923627159678662,0.5045401629802095,1.21370124712142
"پازل نقشه ایران سفید بزرگ, عروسک خرسی سبز خانواده",پازل چوبی سفید متوسط,0.03405964564762848,0.46965098634294383,1.2119035958819624
"ماشین سرعتی زرد کوچک, کلاه جشن تولد نارنجی خانواده, پازل چوبی سفید متوسط",لگو آتش‌نشانی نارنجی کوچک,0.06300209089908661,0.6676384839650146,1.2107026349611032
"فیگور شرک صورتی کوچک, ماشین سرعتی زرد کوچک, کلاه جشن تولد نارنجی خانواده",لگو آتش‌نشانی نارنجی کوچک,0.031583580939804116,0.6674418604651163,1.2103460758424491
"کتاب قصه‌های کهن سبز متوسط, عروسک خرسی سبز خانواده","کلاه جشن تولد نارنجی خانواده, لگو آتش‌نشانی نارنجی کوچک",0.020578848905029163,0.6481802426343154,1.210193931542639
"لگو آتش‌نشانی نارنجی کوچک, فیگور بتمن نارنجی بزرگ",عروسک خرسی سبز خانواده,0.028667326950588753,0.502410800385728,1.2085789392733584
"فیگور شرک صورتی کوچک, کلاه جشن تولد نارنجی خانواده, توپ بسکتبال چندرنگ بزرگ",پازل چوبی سفید متوسط,0.026466380543633764,0.46835443037974683,1.2085579181771289
توپ بسکتبال آبی متوسط,"کلاه جشن تولد نارنجی خانواده, پازل چوبی سفید متوسط",0.040332342907450205,0.4561294337274424,1.20805833992459
"کلاه جشن تولد نارنجی خانواده, پازل چوبی سفید متوسط, عروسک خرسی سبز خانواده",لگو آتش‌نشانی نارنجی کوچک,0.118631011334874,0.6654320987654322,1.2067015528799607
"ماشین سرعتی زرد کوچک, عروسک پارچه‌ای قرمز خانواده",لگو آتش‌نشانی نارنجی کوچک,0.02712666446572026,0.6653171390013496,1.2064930836370513
"کلاه جشن تولد نارنجی خانواده, لگو آتش‌نشانی قرمز متوسط",عروسک خرسی سبز خانواده,0.02173434576868053,0.5006337135614701,1.204304051656672
"توپ بسکتبال آبی متوسط, کلاه جشن تولد نارنجی خانواده",پازل چوبی سفید متوسط,0.040332342907450205,0.46658179503500957,1.203983748823834
"فیگور شرک صورتی کوچک, ماشین سرعتی زرد کوچک",لگو آتش‌نشانی نارنجی کوچک,0.03169362826015187,0.663594470046083,1.2033691776708753
"کلاه جشن تولد نارنجی خانواده, پازل نقشه ایران سبز متوسط, عروسک خرسی سبز خانواده",لگو آتش‌نشانی نارنجی کوچک,0.024485528777374272,0.6631892697466468,1.202634383194528
"ماشین سرعتی زرد کوچک, پازل چوبی سفید متوسط",لگو آتش‌نشانی نارنجی کوچک,0.06338725652030373,0.66283084004603,1.2019844030130264
لگو آتش‌نشانی قرمز متوسط,"کلاه جشن تولد نارنجی خانواده, عروسک خرسی سبز خانواده",0.02173434576868053,0.48585485854858546,1.198415607934581
"فیگور شرک صورتی کوچک, توپ بسکتبال چندرنگ بزرگ",پازل چوبی سفید متوسط,0.02657642786398151,0.4644230769230769,1.198413318188272
"لگو آتش‌نشانی نارنجی کوچک, پازل نقشه ایران سبز متوسط","کلاه جشن تولد نارنجی خانواده, عروسک خرسی سبز خانواده",0.024485528777374272,0.4858078602620088,1.198299681379173
"پازل چوبی سفید متوسط, پازل نقشه ایران سبز متوسط","کلاه جشن تولد نارنجی خانواده, لگو آتش‌نشانی نارنجی کوچک",0.023605150214592276,0.641255605381166,1.1972651913085384
"پازل چوبی سفید متوسط, عروسک خرسی سبز خانواده",لگو آتش‌نشانی نارنجی کوچک,0.11923627159678662,0.6596651445966515,1.1962436976551132
"پازل نقشه ایران سبز متوسط, عروسک خرسی سبز خانواده",لگو آتش‌نشانی نارنجی کوچک,0.02470562341806977,0.659324522760646,1.1956260104422252
"کلاه جشن تولد نارنجی خانواده, پازل چوبی سفید متوسط, پازل نقشه ایران سفید بزرگ",لگو آتش‌نشانی نارنجی کوچک,0.045559590623968305,0.6592356687898089,1.1954648817188174
"پازل چوبی سفید متوسط, پازل نقشه ایران سفید بزرگ","کلاه جشن تولد نارنجی خانواده, عروسک خرسی سبز خانواده",0.03389457466710685,0.4838963079340141,1.1935846227460332
"کلاه جشن تولد نارنجی خانواده, لگو آتش‌نشانی نارنجی کوچک, پازل نقشه ایران سبز متوسط",عروسک خرسی سبز خانواده,0.024485528777374272,0.496098104793757,1.1933933761114148
"ماشین سرعتی زرد کوچک, کلاه جشن تولد نارنجی خانواده, پازل نقشه ایران سفید بزرگ",لگو آتش‌نشانی نارنجی کوچک,0.024540552437548147,0.6578171091445428,1.1928924507676035
"ماشین سرعتی زرد کوچک, کلاه جشن تولد نارنجی خانواده, عروسک خرسی سبز خانواده",لگو آتش‌نشانی نارنجی کوچک,0.06844943325630021,0.6575052854122622,1.192326986338301
"لگو آتش‌نشانی نارنجی کوچک, پازل نقشه ایران سفید بزرگ","کلاه جشن تولد نارنجی خانواده, عروسک خرسی سبز خانواده",0.04715527676901068,0.48308906426155585,1.1915934655116063
"پازل چوبی سفید متوسط, پازل نقشه ایران سفید بزرگ",لگو آتش‌نشانی نارنجی کوچک,0.045999779905359306,0.6567164179104478,1.1908964457298423
"کلاه جشن تولد نارنجی خانواده, پازل نقشه ایران سفید بزرگ, عروسک خرسی سبز خانواده",لگو آتش‌نشانی نارنجی کوچک,0.04715527676901068,0.656704980842912,1.190875705631519
توپ بسکتبال آبی متوسط,پازل چوبی سفید متوسط,0.0407725321888412,0.4611076540136901,1.1898580866171806
توپ بسکتبال آبی متوسط,"کلاه جشن تولد نارنجی خانواده, لگو آتش‌نشانی نارنجی کوچک",0.05634422801804776,0.6372121966397013,1.189715888815485
"ماشین سرعتی زرد کوچک, پازل نقشه ایران سفید بزرگ",لگو آتش‌نشانی نارنجی کوچک,0.024650599757895894,0.654014598540146,1.185996938122991
"کتاب قصه‌های کهن سبز متوسط, کلاه جشن تولد نارنجی خانواده, عروسک خرسی سبز خانواده",لگو آتش‌نشانی نارنجی کوچک,0.020578848905029163,0.6538461538461539,1.1856914787467572
"ماشین سرعتی زرد کوچک, عروسک خرسی سبز خانواده",لگو آتش‌نشانی نارنجی کوچک,0.06866952789699571,0.6534031413612565,1.1848881152563837
"پازل نقشه ایران سفید بزرگ, عروسک خرسی سبز خانواده",لگو آتش‌نشانی نارنجی کوچک,0.04737537140970617,0.6532625189681335,1.1846331091325941
"توپ بسکتبال آبی متوسط, کلاه جشن تولد نارنجی خانواده",لگو آتش‌نشانی نارنجی کوچک,0.05634422801804776,0.6518141311266709,1.1820065874172936
"عروسک پارچه‌ای قرمز خانواده, کلاه جشن تولد نارنجی خانواده",عروسک خرسی سبز خانواده,0.0793441179707274,0.4913117546848381,1.1818795274179017
"کتاب قصه‌های کهن سبز متوسط, عروسک خرسی سبز خانواده",لگو آتش‌نشانی نارنجی کوچک,0.020688896225376913,0.6516464471403813,1.1817025075163932
عروسک پارچه‌ای قرمز خانواده,"کلاه جشن تولد نارنجی خانواده, عروسک خرسی سبز خانواده",0.0793441179707274,0.47875166002656033,1.1808947705378268
لگو آتش‌نشانی قرمز متوسط,عروسک خرسی سبز خانواده,0.021954440409376032,0.4907749077490775,1.1805881103152527
ماشین سرعتی زرد کوچک,"کلاه جشن تولد نارنجی خانواده, عروسک خرسی سبز خانواده",0.10410476504897105,0.4785027819929185,1.1802808848994708
"کلاه جشن تولد نارنجی خانواده, پازل چوبی سفید متوسط, پازل نقشه ایران سفید بزرگ",عروسک خرسی سبز خانواده,0.03389457466710685,0.4904458598726114,1.1797965661581522
"ماشین سرعتی زرد کوچک, کلاه جشن تولد نارنجی خانواده",عروسک خرسی سبز خانواده,0.10410476504897105,0.4904095386210472,1.1797091932361232
"لگو آتش‌نشانی نارنجی کوچک, پازل نقشه ایران سبز متوسط",عروسک خرسی سبز خانواده,0.02470562341806977,0.490174672489083,1.179144208844023
توپ بسکتبال آبی متوسط,"کلاه جشن تولد نارنجی خانواده, عروسک خرسی سبز خانواده",0.04225817101353582,0.477909147479776,1.1788166186614344
عروسک پارچه‌ای قرمز خانواده,"کلاه جشن تولد نارنجی خانواده, پازل چوبی سفید متوسط",0.07373170463299218,0.44488711819389104,1.1782830787023864
"عروسک پارچه‌ای قرمز خانواده, کلاه جشن تولد نارنجی خانواده",پازل چوبی سفید متوسط,0.07373170463299218,0.45655877342419077,1.1781199983261739
"کلاه جشن تولد نارنجی خانواده, لگو آتش‌نشانی نارنجی کوچک, پازل نقشه ایران سفید بزرگ",عروسک خرسی سبز خانواده,0.04715527676901068,0.4894346087949743,1.1773639417921724
"کلاه جشن تولد نارنجی خانواده, پازل چوبی سفید متوسط, پازل نقشه ایران سبز متوسط",لگو آتش‌نشانی نارنجی کوچک,0.023605150214592276,0.649016641452345,1.1769335902768827
"پازل چوبی سفید متوسط, پازل نقشه ایران سبز متوسط",لگو آتش‌نشانی نارنجی کوچک,0.02388026851546165,0.648729446935725,1.17641278872579
"توپ بسکتبال آبی متوسط, کلاه جشن تولد نارنجی خانواده",عروسک خرسی سبز خانواده,0.04225817101353582,0.48886059834500317,1.1759831256548097
بلوک‌های خانه چندرنگ بزرگ,"کلاه جشن تولد نارنجی خانواده, پازل چوبی سفید متوسط",0.022339606030593154,0.44274809160305345,1.172617868958597
توپ بسکتبال آبی متوسط,لگو آتش‌نشانی نارنجی کوچک,0.057114559260482006,0.6459240821406347,1.1713255107587204
"پازل چوبی سفید متوسط, پازل نقشه ایران سفید بزرگ",عروسک خرسی سبز خانواده,0.03405964564762848,0.48625294579732914,1.169710262994131
کتاب قصه‌های کهن سبز متوسط,"کلاه جشن تولد نارنجی خانواده, لگو آتش‌نشانی نارنجی کوچک",0.04308352591614394,0.6264,1.1695288267926855
"لگو آتش‌نشانی نارنجی کوچک, پازل نقشه ایران سفید بزرگ",عروسک خرسی سبز خانواده,0.04737537140970617,0.4853438556933483,1.1675233929015105
"کتاب قصه‌های کهن سبز متوسط, کلاه جشن تولد نارنجی خانواده",لگو آتش‌نشانی نارنجی کوچک,0.04308352591614394,0.6428571428571429,1.1657638908686605
توپ بسکتبال چندرنگ بزرگ,"کلاه جشن تولد نارنجی خانواده, لگو آتش‌نشانی نارنجی کوچک",0.15604710025310883,0.62425709883337,1.1655278933837752
عروسک خرسی سفید بزرگ,"کلاه جشن تولد نارنجی خانواده, عروسک خرسی سبز خانواده",0.051557169582920656,0.4720403022670025,1.1643404524159207
عروسک پارچه‌ای قرمز خانواده,عروسک خرسی سبز خانواده,0.08016947287333553,0.4837317397078353,1.163645352409027
فیگور شرک صورتی کوچک,"کلاه جشن تولد نارنجی خانواده, عروسک خرسی سبز خانواده",0.09348519863541323,0.471682398667407,1.1634576429670813
"کتاب قصه‌های کهن سبز متوسط, لگو آتش‌نشانی نارنجی کوچک","کلاه جشن تولد نارنجی خانواده, عروسک خرسی سبز خانواده",0.020578848905029163,0.4716267339218159,1.1633203396165963
سرباز اسباب‌بازی صورتی خانواده,"کلاه جشن تولد نارنجی خانواده, پازل چوبی سفید متوسط",0.02723671178606801,0.4392191659272405,1.1632715129061013
کتاب قصه‌های کهن سبز متوسط,"کلاه جشن تولد نارنجی خانواده, پازل چوبی سفید متوسط",0.030207989435457248,0.43920000000000003,1.1632207519673565
"کتاب قصه‌های کهن سبز متوسط, کلاه جشن تولد نارنجی خانواده",پازل چوبی سفید متوسط,0.030207989435457248,0.45073891625615764,1.163102238256341
"کلاه جشن تولد نارنجی خانواده, بلوک‌های خانه چندرنگ بزرگ",پازل چوبی سفید متوسط,0.022339606030593154,0.4506104328523862,1.1627706952519192
عروسک خرسی سفید بزرگ,"کلاه جشن تولد نارنجی خانواده, پازل چوبی سفید متوسط",0.04792560801144492,0.4387909319899244,1.1621373357599658
ماشین سرعتی زرد کوچک,عروسک خرسی سبز خانواده,0.1050951909321008,0.483055134041477,1.1620177374016947
توپ بسکتبال آبی متوسط,عروسک خرسی سبز خانواده,0.04269836029492682,0.4828873677660236,1.1616141656889096
توپ بسکتبال چندرنگ بزرگ,"کلاه جشن تولد نارنجی خانواده, عروسک خرسی سبز خانواده",0.11769560911191812,0.4708342504952674,1.1613655901874307
"کلاه جشن تولد نارنجی خانواده, سرباز اسباب‌بازی صورتی خانواده",پازل چوبی سفید متوسط,0.02723671178606801,0.44999999999999996,1.1611955132755927
"فیگور شرک صورتی کوچک, کلاه جشن تولد نارنجی خانواده",عروسک خرسی سبز خانواده,0.09348519863541323,0.48253337120136325,1.1607626059845897
"کلاه جشن تولد نارنجی خانواده, لگو آتش‌نشانی قرمز متوسط",لگو آتش‌نشانی نارنجی کوچک,0.027786948387806758,0.6400506970849176,1.1606746526463074
"کلاه جشن تولد نارنجی خانواده, توپ بسکتبال چندرنگ بزرگ",عروسک خرسی سبز خانواده,0.11769560911191812,0.4822998872604284,1.160200946534881
"کلاه جشن تولد نارنجی خانواده, عروسک خرسی سفید بزرگ",عروسک خرسی سبز خانواده,0.051557169582920656,0.4822439526505404,1.16006639251766
لگو آتش‌نشانی قرمز متوسط,"کلاه جشن تولد نارنجی خانواده, لگو آتش‌نشانی نارنجی کوچک",0.027786948387806758,0.6211562115621156,1.159738338702475
"کلاه جشن تولد نارنجی خانواده, توپ بسکتبال چندرنگ بزرگ",لگو آتش‌نشانی نارنجی کوچک,0.15604710025310883,0.6394588500563698,1.1596013910321759
عروسک خرسی سفید بزرگ,"کلاه جشن تولد نارنجی خانواده, لگو آتش‌نشانی نارنجی کوچک",0.0677891493342137,0.6206549118387908,1.1588023800861091
فیگور بتمن نارنجی بزرگ,"کلاه جشن تولد نارنجی خانواده, لگو آتش‌نشانی نارنجی کوچک",0.05623418069770001,0.6201456310679612,1.157851520344065
"کلاه جشن تولد نارنجی خانواده, عروسک خرسی سفید بزرگ",پازل چوبی سفید متوسط,0.04792560801144492,0.4482758620689655,1.1567464883205139
عروسک پارچه‌ای قرمز خانواده,پازل چوبی سفید متوسط,0.07428194123473093,0.44820717131474097,1.1565692363302715
فیگور بتمن نارنجی بزرگ,"کلاه جشن تولد نارنجی خانواده, پازل چوبی سفید متوسط",0.039506988004842085,0.4356796116504855,1.1538970070148533
"کلاه جشن تولد نارنجی خانواده, فیگور بتمن نارنجی بزرگ",لگو آتش‌نشانی نارنجی کوچک,0.05623418069770001,0.6359676415681393,1.1532703969127285
"کلاه جشن تولد نارنجی خانواده, فیگور بتمن نارنجی بزرگ",پازل چوبی سفید متوسط,0.039506988004842085,0.44679527069072805,1.152925919286283
عروسک خرسی زرد کوچک,"کلاه جشن تولد نارنجی خانواده, لگو آتش‌نشانی نارنجی کوچک",0.022999889952679653,0.616519174041298,1.1510806933456492
کتاب قصه‌های کهن سبز متوسط,لگو آتش‌نشانی نارنجی کوچک,0.04363376251788269,0.6344,1.1504276192376772
"کلاه جشن تولد نارنجی خانواده, عروسک خرسی سفید بزرگ",لگو آتش‌نشانی نارنجی کوچک,0.0677891493342137,0.6340710241893978,1.1498310510495027
توپ بسکتبال چندرنگ بزرگ,"کلاه جشن تولد نارنجی خانواده, پازل چوبی سفید متوسط",0.10850665786288104,0.43407440017609505,1.1496456060624236
"کلاه جشن تولد نارنجی خانواده, فیگور بتمن نارنجی بزرگ",عروسک خرسی سبز خانواده,0.04225817101353582,0.477909147479776,1.149638761918921
فیگور بتمن نارنجی بزرگ,"کلاه جشن تولد نارنجی خانواده, عروسک خرسی سبز خانواده",0.04225817101353582,0.4660194174757282,1.1494892634641538
"کلاه جشن تولد نارنجی خانواده, پازل نقشه ایران سبز متوسط",پازل چوبی سفید متوسط,0.03637063937493122,0.4454177897574124,1.1493714199987524
"کتاب قصه‌های کهن سبز متوسط, لگو آتش‌نشانی نارنجی کوچک, کلاه جشن تولد نارنجی خانواده",عروسک خرسی سبز خانواده,0.020578848905029163,0.4776500638569604,1.1490155209181203
ماشین سرعتی زرد کوچک,"کلاه جشن تولد نارنجی خانواده, پازل چوبی سفید متوسط",0.09436557719819523,0.4337379868487608,1.1487546157081576
کتاب قصه‌های کهن سبز متوسط,پازل چوبی سفید متوسط,0.03059315505667437,0.44480000000000003,1.1477772540110749
"کلاه جشن تولد نارنجی خانواده, توپ بسکتبال چندرنگ بزرگ",پازل چوبی سفید متوسط,0.10850665786288104,0.4446448703494927,1.1473769521129746
"ماشین سرعتی زرد کوچک, کلاه جشن تولد نارنجی خانواده",پازل چوبی سفید متوسط,0.09436557719819523,0.444530844997408,1.1470827171635516
عروسک خرسی سفید بزرگ,عروسک خرسی سبز خانواده,0.052052382524485526,0.47657430730478584,1.1464277248123333
توپ بسکتبال چندرنگ بزرگ,لگو آتش‌نشانی نارنجی کوچک,0.15797292835919446,0.6319612590799032,1.1460051808539375
بلوک‌های خانه چندرنگ بزرگ,پازل چوبی سفید متوسط,0.02239462969076703,0.44383860414394766,1.1452964350010086
لگو آتش‌نشانی قرمز متوسط,لگو آتش‌نشانی نارنجی کوچک,0.028227137669197756,0.6309963099630996,1.144255331996545
فیگور شرک صورتی کوچک,عروسک خرسی سبز خانواده,0.09425552987784748,0.47556912826207665,1.1440097070860333
فیگور شرک صورتی کوچک,"کلاه جشن تولد نارنجی خانواده, لگو آتش‌نشانی نارنجی کوچک",0.1214372180037416,0.6127151582454192,1.1439783527791505
عروسک خرسی سفید بزرگ,لگو آتش‌نشانی نارنجی کوچک,0.06883459887751733,0.6302267002518892,1.1428597136677145
توپ بسکتبال چندرنگ بزرگ,عروسک خرسی سبز خانواده,0.11874105865522175,0.475016508914814,1.14268034851328
عروسک خرسی سفید بزرگ,پازل چوبی سفید متوسط,0.04836579729283592,0.4428211586901763,1.1426709836767377
عروسک پارچه‌ای قرمز خانواده,"کلاه جشن تولد نارنجی خانواده, لگو آتش‌نشانی نارنجی کوچک",0.10135358204027732,0.6115537848605578,1.141809994458165
"کلاه جشن تولد نارنجی خانواده, عروسک خرسی زرد کوچک",لگو آتش‌نشانی نارنجی کوچک,0.022999889952679653,0.6295180722891566,1.1415746802816935
فیگور بتمن نارنجی بزرگ,لگو آتش‌نشانی نارنجی کوچک,0.05705953560030813,0.629247572815534,1.1410841536968186
"کتاب قصه‌های کهن سبز متوسط, لگو آتش‌نشانی نارنجی کوچک",عروسک خرسی سبز خانواده,0.020688896225376913,0.4741488020176545,1.1405930281758905
سرباز اسباب‌بازی صورتی خانواده,پازل چوبی سفید متوسط,0.027401782766589635,0.4418811002661935,1.1402452245119694
پازل نقشه ایران سبز متوسط,"کلاه جشن تولد نارنجی خانواده, پازل چوبی سفید متوسط",0.03637063937493122,0.43005855562784645,1.1390096458729935
پازل نقشه ایران سفید بزرگ,"کلاه جشن تولد نارنجی خانواده, پازل چوبی سفید متوسط",0.06910971717838671,0.42984257357973993,1.1384376176389088
"عروسک پارچه‌ای قرمز خانواده, کلاه جشن تولد نارنجی خانواده",لگو آتش‌نشانی نارنجی کوچک,0.10135358204027732,0.6275979557069846,1.138092720716298
بلوک‌های خانه چندرنگ بزرگ,"کلاه جشن تولد نارنجی خانواده, عروسک خرسی سبز خانواده",0.023275008253549025,0.4612868047982552,1.137815742454328
"کلاه جشن تولد نارنجی خانواده, پازل نقشه ایران سفید بزرگ",پازل چوبی سفید متوسط,0.06910971717838671,0.44070175438596493,1.1372019997459217
فیگور بتمن نارنجی بزرگ,پازل چوبی سفید متوسط,0.03994717728623308,0.4405339805825243,1.1367690704396984
"فیگور شرک صورتی کوچک, کلاه جشن تولد نارنجی خانواده",لگو آتش‌نشانی نارنجی کوچک,0.1214372180037416,0.6268105651803465,1.1366648584701275
عروسک خرسی سبز خانواده,"کلاه جشن تولد نارنجی خانواده, پازل چوبی سفید متوسط",0.17827665896335423,0.42885506287227,1.135822196537545
"کلاه جشن تولد نارنجی خانواده, پازل چوبی سفید متوسط",عروسک خرسی سبز خانواده,0.17827665896335423,0.4721655494025065,1.135822196537545
"کلاه جشن تولد نارنجی خانواده, عروسک خرسی سبز خانواده",پازل چوبی سفید متوسط,0.17827665896335423,0.43973941368078173,1.1347187426145857
پازل چوبی سفید متوسط,"کلاه جشن تولد نارنجی خانواده, عروسک خرسی سبز خانواده",0.17827665896335423,0.46003123668891094,1.1347187426145857
ماشین سرعتی زرد کوچک,پازل چوبی سفید متوسط,0.09563112138219435,0.4395548811330299,1.1342425684668018
بلوک‌های خانه چندرنگ بزرگ,"کلاه جشن تولد نارنجی خانواده, لگو آتش‌نشانی نارنجی کوچک",0.030648178716848246,0.6074154852780808,1.1340835247014425
عروسک خرسی زرد کوچک,لگو آتش‌نشانی نارنجی کوچک,0.0233300319137229,0.6253687315634218,1.134050222254403
فیگور بتمن نارنجی بزرگ,عروسک خرسی سبز خانواده,0.04264333663475294,0.4702669902912621,1.1312551001394306
توپ بسکتبال چندرنگ بزرگ,پازل چوبی سفید متوسط,0.10944206008583691,0.4378164208672683,1.1297565856654457
"کتاب قصه‌های کهن سبز متوسط, کلاه جشن تولد نارنجی خانواده",عروسک خرسی سبز خانواده,0.031473533619456366,0.4696223316912972,1.1297043356926055
فیگور شرک صورتی کوچک,"کلاه جشن تولد نارنجی خانواده, پازل چوبی سفید متوسط",0.08451634202707164,0.4264297612437535,1.1293987876484954
"کلاه جشن تولد نارنجی خانواده, بلوک‌های خانه چندرنگ بزرگ",عروسک خرسی سبز خانواده,0.023275008253549025,0.4694783573806881,1.1293579969605063
کتاب قصه‌های کهن سبز متوسط,"کلاه جشن تولد نارنجی خانواده, عروسک خرسی سبز خانواده",0.031473533619456366,0.4576,1.1287218241042345
سرباز اسباب‌بازی صورتی خانواده,"کلاه جشن تولد نارنجی خانواده, لگو آتش‌نشانی نارنجی کوچک",0.03741608891823484,0.6033717834960072,1.1265336750828472
"فیگور شرک صورتی کوچک, کلاه جشن تولد نارنجی خانواده",پازل چوبی سفید متوسط,0.08451634202707164,0.4362397046293667,1.1256879727295341
پازل نقشه ایران سفید بزرگ,پازل چوبی سفید متوسط,0.07004511940134257,0.4356605065023956,1.1241933899154533
عروسک پارچه‌ای قرمز خانواده,لگو آتش‌نشانی نارنجی کوچک,0.10272917354462419,0.6198539176626825,1.124049600838315
"کلاه جشن تولد نارنجی خانواده, لگو آتش‌نشانی نارنجی کوچک",پازل چوبی سفید متوسط,0.23319027181688126,0.4353811382782002,1.1234724985188145
پازل چوبی سفید متوسط,"کلاه جشن تولد نارنجی خانواده, لگو آتش‌نشانی نارنجی کوچک",0.23319027181688126,0.6017322163850631,1.1234724985188143
پازل نقشه ایران سبز متوسط,پازل چوبی سفید متوسط,0.036810828656322216,0.43526350032530897,1.1231689414897295
پازل چوبی سفید متوسط,عروسک خرسی سبز خانواده,0.18075272367117862,0.46642055942070143,1.122002282847363
عروسک خرسی سبز خانواده,پازل چوبی سفید متوسط,0.18075272367117862,0.43481138318994045,1.122002282847363
"کلاه جشن تولد نارنجی خانواده, بلوک‌های خانه چندرنگ بزرگ",لگو آتش‌نشانی نارنجی کوچک,0.030648178716848246,0.6182019977802442,1.1210539919834523
"کلاه جشن تولد نارنجی خانواده, سرباز اسباب‌بازی صورتی خانواده",لگو آتش‌نشانی نارنجی کوچک,0.03741608891823484,0.6181818181818182,1.121017398087843
فیگور شرک صورتی کوچک,لگو آتش‌نشانی نارنجی کوچک,0.12248266754704523,0.6179900055524709,1.1206695630523456
لگو آتش‌نشانی نارنجی کوچک,"کلاه جشن تولد نارنجی خانواده, پازل چوبی سفید متوسط",0.23319027181688126,0.4228696866892836,1.1199699338226523
"کلاه جشن تولد نارنجی خانواده, پازل چوبی سفید متوسط",لگو آتش‌نشانی نارنجی کوچک,0.23319027181688126,0.6176041970271058,1.1199699338226523
پازل نقشه ایران سفید بزرگ,"کلاه جشن تولد نارنجی خانواده, لگو آتش‌نشانی نارنجی کوچک",0.09634642896445472,0.5992470910335387,1.118832610688672
بلوک‌های خانه چندرنگ بزرگ,عروسک خرسی سبز خانواده,0.023385055573896776,0.46346782988004365,1.1148993170403592
عروسک خرسی سبز خانواده,"کلاه جشن تولد نارنجی خانواده, لگو آتش‌نشانی نارنجی کوچک",0.2481567073841752,0.5969556585043018,1.11455435973466
"کلاه جشن تولد نارنجی خانواده, لگو آتش‌نشانی نارنجی کوچک",عروسک خرسی سبز خانواده,0.2481567073841752,0.4633244298335731,1.11455435973466
"کلاه جشن تولد نارنجی خانواده, پازل نقشه ایران سفید بزرگ",لگو آتش‌نشانی نارنجی کوچک,0.09634642896445472,0.6143859649122807,1.1141339579241458
بلوک‌های خانه چندرنگ بزرگ,لگو آتش‌نشانی نارنجی کوچک,0.030978320677891493,0.613958560523446,1.113358898319009
کتاب قصه‌های کهن سبز متوسط,عروسک خرسی سبز خانواده,0.03174865192032574,0.4616,1.1104061416280608
سرباز اسباب‌بازی صورتی خانواده,لگو آتش‌نشانی نارنجی کوچک,0.03796632551997359,0.6122448979591837,1.1102513246368195
ماشین سرعتی زرد کوچک,"کلاه جشن تولد نارنجی خانواده, لگو آتش‌نشانی نارنجی کوچک",0.12936062506877957,0.5945877592311583,1.11013334048357
لگو آتش‌نشانی نارنجی کوچک,"کلاه جشن تولد نارنجی خانواده, عروسک خرسی سبز خانواده",0.2481567073841752,0.4500099780482938,1.1100001820100016
"کلاه جشن تولد نارنجی خانواده, عروسک خرسی سبز خانواده",لگو آتش‌نشانی نارنجی کوچک,0.2481567073841752,0.6121064060803474,1.1100001820100014
فیگور شرک صورتی کوچک,پازل چوبی سفید متوسط,0.08523164960933201,0.4300388672959467,1.1096871183070474
فیگور مرد عنکبوتی آبی خانواده,"کلاه جشن تولد نارنجی خانواده, لگو آتش‌نشانی نارنجی کوچک",0.021899416749202157,0.5931445603576752,1.1074387959667547
پازل چوبی سفید متوسط,لگو آتش‌نشانی نارنجی کوچک,0.23632662044679212,0.6098253585119977,1.1058637064056123
لگو آتش‌نشانی نارنجی کوچک,پازل چوبی سفید متوسط,0.23632662044679212,0.42855717421672324,1.1058637064056123
"ماشین سرعتی زرد کوچک, کلاه جشن تولد نارنجی خانواده",لگو آتش‌نشانی نارنجی کوچک,0.12936062506877957,0.6093831000518404,1.1050617102716171
پازل نقشه ایران سفید بزرگ,"کلاه جشن تولد نارنجی خانواده, عروسک خرسی سبز خانواده",0.07180587652690656,0.446611909650924,1.1016184644402678
"کلاه جشن تولد نارنجی خانواده, پازل نقشه ایران سفید بزرگ",عروسک خرسی سبز خانواده,0.07180587652690656,0.45789473684210524,1.101492911630499
پازل نقشه ایران سفید بزرگ,لگو آتش‌نشانی نارنجی کوچک,0.09761197314845384,0.6071184120465435,1.1009549012705928
ربات جنگجو سبز بزرگ,"کلاه جشن تولد نارنجی خانواده, لگو آتش‌نشانی نارنجی کوچک",0.025200836359634642,0.5879332477535302,1.0977089423333324
"کلاه جشن تولد نارنجی خانواده, پازل نقشه ایران سبز متوسط",لگو آتش‌نشانی نارنجی کوچک,0.04935622317596566,0.6044474393530997,1.0961113313513506
لگو آتش‌نشانی نارنجی کوچک,عروسک خرسی سبز خانواده,0.2510179377132167,0.45519856316104573,1.0950071061401516
عروسک خرسی سبز خانواده,لگو آتش‌نشانی نارنجی کوچک,0.2510179377132167,0.6038385175380543,1.0950071061401516
"کلاه جشن تولد نارنجی خانواده, ربات جنگجو سبز بزرگ",لگو آتش‌نشانی نارنجی کوچک,0.025200836359634642,0.6034255599472991,1.0942582445102988
ربات جنگجو سبز بزرگ,لگو آتش‌نشانی نارنجی کوچک,0.02586112028172114,0.6033376123234917,1.0940987593661085
"فیگور مرد عنکبوتی آبی خانواده, کلاه جشن تولد نارنجی خانواده",لگو آتش‌نشانی نارنجی کوچک,0.021899416749202157,0.603030303030303,1.093541481468043
ماشین سرعتی زرد کوچک,لگو آتش‌نشانی نارنجی کوچک,0.13090128755364808,0.6016691957511381,1.0910732352405892
سرباز اسباب‌بازی صورتی خانواده,"کلاه جشن تولد نارنجی خانواده, عروسک خرسی سبز خانواده",0.027401782766589635,0.4418811002661935,1.0899493914546416
پازل نقشه ایران سبز متوسط,"کلاه جشن تولد نارنجی خانواده, لگو آتش‌نشانی نارنجی کوچک",0.04935622317596566,0.5836044242029927,1.0896267521538106
"کلاه جشن تولد نارنجی خانواده, سرباز اسباب‌بازی صورتی خانواده",عروسک خرسی سبز خانواده,0.027401782766589635,0.45272727272727276,1.089062270621503
"کلاه جشن تولد نارنجی خانواده, پازل نقشه ایران سبز متوسط",عروسک خرسی سبز خانواده,0.036920875976669966,0.4521563342318059,1.0876888442526593
پازل نقشه ایران سفید بزرگ,عروسک خرسی سبز خانواده,0.07252118410916694,0.4510609171800137,1.0850537536505054
فیگور مرد عنکبوتی آبی خانواده,لگو آتش‌نشانی نارنجی کوچک,0.022064487729723782,0.5976154992548436,1.0837222194629343
پازل نقشه ایران سبز متوسط,لگو آتش‌نشانی نارنجی کوچک,0.050401672719269285,0.5959661678594664,1.0807313045976794
سرباز اسباب‌بازی صورتی خانواده,عروسک خرسی سبز خانواده,0.027786948387806758,0.44809228039041704,1.0779125220139563
پازل نقشه ایران سبز متوسط,"کلاه جشن تولد نارنجی خانواده, عروسک خرسی سبز خانواده",0.036920875976669966,0.43656473649967464,1.0768359827829923
پازل نقشه ایران سبز متوسط,عروسک خرسی سبز خانواده,0.03747111257840872,0.44307091737150295,1.0658333358450953
"ماشین سرعتی زرد کوچک, عروسک خرسی سفید بزرگ",کلاه جشن تولد نارنجی خانواده,0.026136238582590513,1.0,1.0478551660516606
"فیگور شرک صورتی کوچک, توپ بسکتبال چندرنگ بزرگ, لگو آتش‌نشانی نارنجی کوچک, عروسک خرسی سبز خانواده",کلاه جشن تولد نارنجی خانواده,0.022724771651810277,1.0,1.0478551660516606
"پازل چوبی سفید متوسط, لگو آتش‌نشانی نارنجی کوچک, پازل نقشه ایران سفید بزرگ, عروسک خرسی سبز خانواده",کلاه جشن تولد نارنجی خانواده,0.023825244855287774,1.0,1.0478551660516606
"پازل چوبی سفید متوسط, پازل نقشه ایران سفید بزرگ, توپ بسکتبال چندرنگ بزرگ",کلاه جشن تولد نارنجی خانواده,0.021789369428854406,1.0,1.0478551660516606
"ماشین سرعتی زرد کوچک, توپ بسکتبال چندرنگ بزرگ, لگو آتش‌نشانی نارنجی کوچک, عروسک خرسی سبز خانواده",کلاه جشن تولد نارنجی خانواده,0.024650599757895894,1.0,1.0478551660516606
"توپ بسکتبال چندرنگ بزرگ, پازل نقشه ایران سفید بزرگ, عروسک خرسی سبز خانواده",کلاه جشن تولد نارنجی خانواده,0.022779795311984152,1.0,1.0478551660516606
"توپ بسکتبال چندرنگ بزرگ, لگو آتش‌نشانی نارنجی کوچک, پازل چوبی سفید متوسط, عروسک خرسی سبز خانواده",کلاه جشن تولد نارنجی خانواده,0.04236821833388357,0.9987029831387808,1.046496080233176
"ماشین سرعتی زرد کوچک, پازل چوبی سفید متوسط, لگو آتش‌نشانی نارنجی کوچک, عروسک خرسی سبز خانواده",کلاه جشن تولد نارنجی خانواده,0.03615054473423572,0.9984802431610942,1.0462626809968707
"فیگور شرک صورتی کوچک, پازل چوبی سفید متوسط, لگو آتش‌نشانی نارنجی کوچک, عروسک خرسی سبز خانواده",کلاه جشن تولد نارنجی خانواده,0.033729503686585234,0.998371335504886,1.0461485615466903
"فیگور شرک صورتی کوچک, لگو آتش‌نشانی نارنجی کوچک, عروسک خرسی سبز خانواده",کلاه جشن تولد نارنجی خانواده,0.06338725652030373,0.9982668977469671,1.0460391259025243
"عروسک پارچه‌ای قرمز خانواده, پازل چوبی سفید متوسط, لگو آتش‌نشانی نارنجی کوچک, عروسک خرسی سبز خانواده",کلاه جشن تولد نارنجی خانواده,0.029327610872675252,0.9981273408239701,1.0458928904598037
"پازل چوبی سفید متوسط, توپ بسکتبال چندرنگ بزرگ, عروسک خرسی سبز خانواده",کلاه جشن تولد نارنجی خانواده,0.0577748431825685,0.9980988593155894,1.0458630459641098
"لگو آتش‌نشانی نارنجی کوچک, فیگور بتمن نارنجی بزرگ, عروسک خرسی سبز خانواده",کلاه جشن تولد نارنجی خانواده,0.02861230329041488,0.9980806142034548,1.0458439277291045
"پازل چوبی سفید متوسط, عروسک خرسی سفید بزرگ, عروسک خرسی سبز خانواده",کلاه جشن تولد نارنجی خانواده,0.026026191262242763,0.9978902953586498,1.0456445011443787
"فیگور شرک صورتی کوچک, لگو آتش‌نشانی نارنجی کوچک, پازل نقشه ایران سفید بزرگ",کلاه جشن تولد نارنجی خانواده,0.024485528777374272,0.9977578475336323,1.0455057150067018
"عروسک پارچه‌ای قرمز خانواده, پازل چوبی سفید متوسط, توپ بسکتبال چندرنگ بزرگ",کلاه جشن تولد نارنجی خانواده,0.024210410476504896,0.9977324263038548,1.045479077239752
"فیگور شرک صورتی کوچک, پازل چوبی سفید متوسط, عروسک خرسی سبز خانواده",کلاه جشن تولد نارنجی خانواده,0.04511940134257731,0.9975669099756691,1.0453056401001968
"پازل چوبی سفید متوسط, بلوک‌های خانه چندرنگ بزرگ",کلاه جشن تولد نارنجی خانواده,0.022339606030593154,0.9975429975429976,1.045280583334089
"کتاب قصه‌های کهن سبز متوسط, پازل چوبی سفید متوسط, لگو آتش‌نشانی نارنجی کوچک",کلاه جشن تولد نارنجی خانواده,0.020633872565203038,0.9973404255319148,1.0450683172057784
"فیگور شرک صورتی کوچک, توپ بسکتبال چندرنگ بزرگ, لگو آتش‌نشانی نارنجی کوچک, پازل چوبی سفید متوسط",کلاه جشن تولد نارنجی خانواده,0.02008363596346429,0.9972677595628415,1.0449921737946888
"فیگور شرک صورتی کوچک, پازل چوبی سفید متوسط, لگو آتش‌نشانی نارنجی کوچک",کلاه جشن تولد نارنجی خانواده,0.05755474854187301,0.9971401334604385,1.0448584401239627
"ماشین سرعتی زرد کوچک, لگو آتش‌نشانی نارنجی کوچک, عروسک خرسی سبز خانواده",کلاه جشن تولد نارنجی خانواده,0.06844943325630021,0.9967948717948718,1.0444966559040592
"توپ بسکتبال چندرنگ بزرگ, لگو آتش‌نشانی نارنجی کوچک, عروسک خرسی سبز خانواده",کلاه جشن تولد نارنجی خانواده,0.08044459117420491,0.9965916837082481,1.0442837442178103
"عروسک پارچه‌ای قرمز خانواده, توپ بسکتبال چندرنگ بزرگ, لگو آتش‌نشانی نارنجی کوچک",کلاه جشن تولد نارنجی خانواده,0.032078793881368986,0.9965811965811966,1.0442727552275524
"فیگور شرک صورتی کوچک, ماشین سرعتی زرد کوچک, لگو آتش‌نشانی نارنجی کوچک",کلاه جشن تولد نارنجی خانواده,0.031583580939804116,0.9965277777777778,1.0442167800584257
"توپ بسکتبال آبی متوسط, لگو آتش‌نشانی نارنجی کوچک, عروسک خرسی سبز خانواده",کلاه جشن تولد نارنجی خانواده,0.030263013095631123,0.996376811594203,1.0440585893630676
"توپ بسکتبال چندرنگ بزرگ, لگو آتش‌نشانی نارنجی کوچک, پازل نقشه ایران سفید بزرگ",کلاه جشن تولد نارنجی خانواده,0.030152965775283373,0.9963636363636363,1.0440447836296545
"توپ بسکتبال آبی متوسط, پازل چوبی سفید متوسط, لگو آتش‌نشانی نارنجی کوچک",کلاه جشن تولد نارنجی خانواده,0.028447232309893253,0.9961464354527938,1.043817188533157
"فیگور شرک صورتی کوچک, عروسک پارچه‌ای قرمز خانواده, لگو آتش‌نشانی نارنجی کوچک",کلاه جشن تولد نارنجی خانواده,0.027071640805546384,0.9959514170040485,1.043612837444164
"ماشین سرعتی زرد کوچک, عروسک پارچه‌ای قرمز خانواده, لگو آتش‌نشانی نارنجی کوچک",کلاه جشن تولد نارنجی خانواده,0.02701661714537251,0.9959432048681541,1.0436042323151427
"عروسک پارچه‌ای قرمز خانواده, پازل چوبی سفید متوسط, عروسک خرسی سبز خانواده",کلاه جشن تولد نارنجی خانواده,0.03994717728623308,0.9958847736625515,1.0435430048744934
"فیگور شرک صورتی کوچک, پازل چوبی سفید متوسط, توپ بسکتبال چندرنگ بزرگ",کلاه جشن تولد نارنجی خانواده,0.026466380543633764,0.9958592132505177,1.0435162212646973
"فیگور شرک صورتی کوچک, ماشین سرعتی زرد کوچک, عروسک خرسی سبز خانواده",کلاه جشن تولد نارنجی خانواده,0.026136238582590513,0.9958071278825995,1.0434616433428485
"فیگور شرک صورتی کوچک, توپ بسکتبال چندرنگ بزرگ, لگو آتش‌نشانی نارنجی کوچک",کلاه جشن تولد نارنجی خانواده,0.03890172774292946,0.995774647887324,1.0434276090120056
"عروسک پارچه‌ای قرمز خانواده, توپ بسکتبال چندرنگ بزرگ, عروسک خرسی سبز خانواده",کلاه جشن تولد نارنجی خانواده,0.02586112028172114,0.9957627118644068,1.0434151017887299
"عروسک پارچه‌ای قرمز خانواده, پازل چوبی سفید متوسط, لگو آتش‌نشانی نارنجی کوچک",کلاه جشن تولد نارنجی خانواده,0.050181578078573784,0.9956331877729258,1.0432793793003432
"ماشین سرعتی زرد کوچک, لگو آتش‌نشانی نارنجی کوچک, پازل نقشه ایران سفید بزرگ",کلاه جشن تولد نارنجی خانواده,0.024540552437548147,0.9955357142857144,1.0431772412032159
"لگو آتش‌نشانی نارنجی کوچک, پازل نقشه ایران سفید بزرگ, عروسک خرسی سبز خانواده",کلاه جشن تولد نارنجی خانواده,0.04715527676901068,0.9953542392566784,1.042987081656531
"فیگور شرک صورتی کوچک, ماشین سرعتی زرد کوچک, پازل چوبی سفید متوسط",کلاه جشن تولد نارنجی خانواده,0.023495102894244526,0.9953379953379953,1.042970060382422
"بلوک‌های خانه چندرنگ بزرگ, عروسک خرسی سبز خانواده",کلاه جشن تولد نارنجی خانواده,0.023275008253549025,0.9952941176470588,1.0429240829172999
"ماشین سرعتی زرد کوچک, توپ بسکتبال چندرنگ بزرگ, لگو آتش‌نشانی نارنجی کوچک, پازل چوبی سفید متوسط",کلاه جشن تولد نارنجی خانواده,0.023054913612853528,0.9952494061757721,1.0428772317711301
"پازل چوبی سفید متوسط, پازل نقشه ایران سفید بزرگ, عروسک خرسی سبز خانواده",کلاه جشن تولد نارنجی خانواده,0.03389457466710685,0.9951534733441033,1.0427767080578723
"ماشین سرعتی زرد کوچک, توپ بسکتبال چندرنگ بزرگ, عروسک خرسی سبز خانواده",کلاه جشن تولد نارنجی خانواده,0.03378452734675911,0.9951377633711509,1.0427602462815555
"پازل چوبی سفید متوسط, لگو آتش‌نشانی نارنجی کوچک, عروسک خرسی سفید بزرگ",کلاه جشن تولد نارنجی خانواده,0.03328931440519423,0.9950657894736842,1.0426848280612742
"توپ بسکتبال آبی متوسط, پازل چوبی سفید متوسط, عروسک خرسی سبز خانواده",کلاه جشن تولد نارنجی خانواده,0.022119511389897657,0.9950495049504952,1.0426677642395237
"عروسک پارچه‌ای قرمز خانواده, لگو آتش‌نشانی نارنجی کوچک, عروسک خرسی سبز خانواده",کلاه جشن تولد نارنجی خانواده,0.054418399911962144,0.9949698189134808,1.042584264813976
"پازل چوبی سفید متوسط, لگو آتش‌نشانی نارنجی کوچک, عروسک خرسی سبز خانواده",کلاه جشن تولد نارنجی خانواده,0.118631011334874,0.9949238578680203,1.0425361042950532
"ماشین سرعتی زرد کوچک, توپ بسکتبال چندرنگ بزرگ, لگو آتش‌نشانی نارنجی کوچک",کلاه جشن تولد نارنجی خانواده,0.04302850225597007,0.9949109414758269,1.0425225697867666
"پازل چوبی سفید متوسط, فیگور بتمن نارنجی بزرگ, عروسک خرسی سبز خانواده",کلاه جشن تولد نارنجی خانواده,0.021074061846594036,0.9948051948051948,1.042411762591652
"کتاب قصه‌های کهن سبز متوسط, لگو آتش‌نشانی نارنجی کوچک, عروسک خرسی سبز خانواده",کلاه جشن تولد نارنجی خانواده,0.020578848905029163,0.9946808510638298,1.0422814683598964
"فیگور شرک صورتی کوچک, توپ بسکتبال چندرنگ بزرگ, عروسک خرسی سبز خانواده",کلاه جشن تولد نارنجی خانواده,0.030538131396500495,0.9946236559139785,1.0422215361266516
"فیگور شرک صورتی کوچک, فیگور بتمن نارنجی بزرگ",کلاه جشن تولد نارنجی خانواده,0.02008363596346429,0.994550408719346,1.0421447836753572
"ماشین سرعتی زرد کوچک, پازل چوبی سفید متوسط, عروسک خرسی سبز خانواده",کلاه جشن تولد نارنجی خانواده,0.050016507098052165,0.9945295404814005,1.0421229167844197
"عروسک پارچه‌ای قرمز خانواده, پازل نقشه ایران سفید بزرگ",کلاه جشن تولد نارنجی خانواده,0.028117090348850005,0.9941634241245135,1.0417392798684795
"پازل چوبی سفید متوسط, سرباز اسباب‌بازی صورتی خانواده",کلاه جشن تولد نارنجی خانواده,0.02723671178606801,0.9939759036144578,1.041542785533277
"ماشین سرعتی زرد کوچک, پازل چوبی سفید متوسط, لگو آتش‌نشانی نارنجی کوچک",کلاه جشن تولد نارنجی خانواده,0.06300209089908661,0.993923611111111,1.0414879905634993
"پازل چوبی سفید متوسط, لگو آتش‌نشانی نارنجی کوچک, توپ بسکتبال چندرنگ بزرگ",کلاه جشن تولد نارنجی خانواده,0.07499724881699131,0.9934402332361517,1.0409814805600681
"فیگور شرک صورتی کوچک, عروسک خرسی سفید بزرگ",کلاه جشن تولد نارنجی خانواده,0.0233300319137229,0.9929742388758782,1.0404931859623046
"ماشین سرعتی زرد کوچک, پازل چوبی سفید متوسط, توپ بسکتبال چندرنگ بزرگ",کلاه جشن تولد نارنجی خانواده,0.029877847474413997,0.9926873857404022,1.040192605422398
"عروسک پارچه‌ای قرمز خانواده, پازل چوبی سفید متوسط",کلاه جشن تولد نارنجی خانواده,0.07373170463299218,0.9925925925925926,1.0400932759327595
"فیگور مرد عنکبوتی آبی خانواده, لگو آتش‌نشانی نارنجی کوچک",کلاه جشن تولد نارنجی خانواده,0.021899416749202157,0.9925187032418952,1.0400158505949149
"ماشین سرعتی زرد کوچک, عروسک پارچه‌ای قرمز خانواده, عروسک خرسی سبز خانواده",کلاه جشن تولد نارنجی خانواده,0.021789369428854406,0.9924812030075187,1.0399765557805953
"توپ بسکتبال چندرنگ بزرگ, لگو آتش‌نشانی نارنجی کوچک, عروسک خرسی سفید بزرگ",کلاه جشن تولد نارنجی خانواده,0.021239132827115658,0.9922879177377891,1.0397740208121875
"پازل چوبی سفید متوسط, لگو آتش‌نشانی نارنجی کوچک, فیگور بتمن نارنجی بزرگ",کلاه جشن تولد نارنجی خانواده,0.027896995708154508,0.9921722113502937,1.0396527772763053
"لگو آتش‌نشانی نارنجی کوچک, عروسک خرسی سفید بزرگ, عروسک خرسی سبز خانواده",کلاه جشن تولد نارنجی خانواده,0.034664905909541105,0.9921259842519686,1.0396043379725137
"فیگور شرک صورتی کوچک, عروسک خرسی سبز خانواده",کلاه جشن تولد نارنجی خانواده,0.09348519863541323,0.9918272037361354,1.0392912592654824
"فیگور شرک صورتی کوچک, پازل چوبی سفید متوسط",کلاه جشن تولد نارنجی خانواده,0.08451634202707164,0.9916074887023887,1.0390610297323117
"فیگور شرک صورتی کوچک, لگو آتش‌نشانی نارنجی کوچک",کلاه جشن تولد نارنجی خانواده,0.1214372180037416,0.9914645103324348,1.0389112091087218
"پازل چوبی سفید متوسط, توپ بسکتبال چندرنگ بزرگ",کلاه جشن تولد نارنجی خانواده,0.10850665786288104,0.9914529914529914,1.03889913899139
"کتاب قصه‌های کهن سبز متوسط, عروسک خرسی سبز خانواده",کلاه جشن تولد نارنجی خانواده,0.031473533619456366,0.9913344887348353,1.0387749653059788
"توپ بسکتبال چندرنگ بزرگ, عروسک خرسی سبز خانواده",کلاه جشن تولد نارنجی خانواده,0.11769560911191812,0.9911955514365153,1.038629379140177
"لگو آتش‌نشانی نارنجی کوچک, پازل نقشه ایران سبز متوسط, عروسک خرسی سبز خانواده",کلاه جشن تولد نارنجی خانواده,0.024485528777374272,0.9910913140311804,1.0385201534365012
"فیگور شرک صورتی کوچک, پازل نقشه ایران سفید بزرگ",کلاه جشن تولد نارنجی خانواده,0.036315615714757346,0.990990990990991,1.0384150294205645
"فیگور بتمن نارنجی بزرگ, عروسک خرسی سبز خانواده",کلاه جشن تولد نارنجی خانواده,0.04225817101353582,0.990967741935484,1.0383906677776458
"توپ بسکتبال چندرنگ بزرگ, عروسک خرسی سفید بزرگ",کلاه جشن تولد نارنجی خانواده,0.030152965775283373,0.9909584086799277,1.0383808878775949
"پازل چوبی سفید متوسط, عروسک خرسی سفید بزرگ",کلاه جشن تولد نارنجی خانواده,0.04792560801144492,0.9908987485779296,1.038318372731509
"فیگور شرک صورتی کوچک, ماشین سرعتی زرد کوچک",کلاه جشن تولد نارنجی خانواده,0.047320347749532296,0.9907834101382488,1.0381975147516451
"عروسک پارچه‌ای قرمز خانواده, توپ بسکتبال چندرنگ بزرگ",کلاه جشن تولد نارنجی خانواده,0.04699020578848905,0.9907192575406033,1.0381302921207867
"ماشین سرعتی زرد کوچک, عروسک خرسی سبز خانواده",کلاه جشن تولد نارنجی خانواده,0.10410476504897105,0.9905759162303664,1.0379800911883466
"عروسک خرسی سفید بزرگ, عروسک خرسی سبز خانواده",کلاه جشن تولد نارنجی خانواده,0.051557169582920656,0.9904862579281185,1.0378861422731565
"پازل چوبی سفید متوسط, لگو آتش‌نشانی نارنجی کوچک, پازل نقشه ایران سفید بزرگ",کلاه جشن تولد نارنجی خانواده,0.045559590623968305,0.9904306220095693,1.0378278438884867
"توپ بسکتبال چندرنگ بزرگ, پازل نقشه ایران سفید بزرگ",کلاه جشن تولد نارنجی خانواده,0.04451414108066468,0.9902080783353733,1.0375946503498084
"پازل نقشه ایران سفید بزرگ, عروسک خرسی سبز خانواده",کلاه جشن تولد نارنجی خانواده,0.07180587652690656,0.9901365705614567,1.0375197205594968
"لگو آتش‌نشانی قرمز متوسط, عروسک خرسی سبز خانواده",کلاه جشن تولد نارنجی خانواده,0.02173434576868053,0.9899749373433583,1.037350352356907
"فیگور شرک صورتی کوچک, عروسک پارچه‌ای قرمز خانواده",کلاه جشن تولد نارنجی خانواده,0.03763618355893034,0.9898697539797396,1.0372401354259564
"ماشین سرعتی زرد کوچک, پازل نقشه ایران سفید بزرگ",کلاه جشن تولد نارنجی خانواده,0.03730604159788709,0.9897810218978104,1.0371471570555124
"عروسک پارچه‌ای قرمز خانواده, عروسک خرسی سبز خانواده",کلاه جشن تولد نارنجی خانواده,0.0793441179707274,0.9897048730267672,1.037067364067601
"توپ بسکتبال آبی متوسط, عروسک خرسی سبز خانواده",کلاه جشن تولد نارنجی خانواده,0.04225817101353582,0.9896907216494846,1.0370525354738085
"ماشین سرعتی زرد کوچک, عروسک پارچه‌ای قرمز خانواده, پازل چوبی سفید متوسط",کلاه جشن تولد نارنجی خانواده,0.020468801584681413,0.9893617021276595,1.0367077706681322
"لگو آتش‌نشانی نارنجی کوچک, بلوک‌های خانه چندرنگ بزرگ",کلاه جشن تولد نارنجی خانواده,0.030648178716848246,0.9893428063943162,1.0366879706763321
"ماشین سرعتی زرد کوچک, پازل نقشه ایران سبز متوسط",کلاه جشن تولد نارنجی خانواده,0.020303730604159787,0.9892761394101875,1.0366181133326078
"ماشین سرعتی زرد کوچک, پازل نقشه ایران سفید بزرگ, عروسک خرسی سبز خانواده",کلاه جشن تولد نارنجی خانواده,0.020248706943985915,0.9892473118279571,1.0365879062016428
"توپ بسکتبال آبی متوسط, پازل چوبی سفید متوسط",کلاه جشن تولد نارنجی خانواده,0.040332342907450205,0.989203778677463,1.0365422897650032
"پازل چوبی سفید متوسط, فیگور بتمن نارنجی بزرگ",کلاه جشن تولد نارنجی خانواده,0.039506988004842085,0.9889807162534436,1.0363085526516425
"لگو آتش‌نشانی نارنجی کوچک, عروسک خرسی سبز خانواده",کلاه جشن تولد نارنجی خانواده,0.2481567073841752,0.9886014905743096,1.0359111790646622
"ماشین سرعتی زرد کوچک, توپ بسکتبال چندرنگ بزرگ",کلاه جشن تولد نارنجی خانواده,0.061956641355782986,0.9885864793678666,1.0358954494944423
"پازل چوبی سفید متوسط, لگو آتش‌نشانی نارنجی کوچک, پازل نقشه ایران سبز متوسط",کلاه جشن تولد نارنجی خانواده,0.023605150214592276,0.9884792626728112,1.0357831019266415
"ماشین سرعتی زرد کوچک, لگو آتش‌نشانی نارنجی کوچک",کلاه جشن تولد نارنجی خانواده,0.12936062506877957,0.9882303488860865,1.0355222763293206
"پازل چوبی سفید متوسط, پازل نقشه ایران سبز متوسط",کلاه جشن تولد نارنجی خانواده,0.03637063937493122,0.9880418535127057,1.0353247604785467
"ماشین سرعتی زرد کوچک, توپ بسکتبال آبی متوسط",کلاه جشن تولد نارنجی خانواده,0.022724771651810277,0.9880382775119616,1.0353210133476933
"توپ بسکتبال چندرنگ بزرگ, لگو آتش‌نشانی نارنجی کوچک",کلاه جشن تولد نارنجی خانواده,0.15604710025310883,0.9878091257401601,1.0350808954798012
"فیگور شرک صورتی کوچک, توپ بسکتبال چندرنگ بزرگ",کلاه جشن تولد نارنجی خانواده,0.056509298998569386,0.9875,1.034756976476015
"توپ بسکتبال آبی متوسط, توپ بسکتبال چندرنگ بزرگ",کلاه جشن تولد نارنجی خانواده,0.02597116760206889,0.9874476987447699,1.034702172335531
"کتاب قصه‌های کهن سبز متوسط, پازل چوبی سفید متوسط",کلاه جشن تولد نارنجی خانواده,0.030207989435457248,0.987410071942446,1.034662744896334
"کتاب قصه‌های کهن سبز متوسط, لگو آتش‌نشانی نارنجی کوچک",کلاه جشن تولد نارنجی خانواده,0.04308352591614394,0.9873896595208072,1.034641355634868
"لگو آتش‌نشانی نارنجی کوچک, پازل نقشه ایران سفید بزرگ",کلاه جشن تولد نارنجی خانواده,0.09634642896445472,0.9870349492671928,1.0342696706631667
"توپ بسکتبال چندرنگ بزرگ, پازل نقشه ایران سبز متوسط",کلاه جشن تولد نارنجی خانواده,0.024980741718939145,0.9869565217391305,1.034187489972726
"ماشین سرعتی زرد کوچک, پازل چوبی سفید متوسط",کلاه جشن تولد نارنجی خانواده,0.09436557719819523,0.9867663981588033,1.033988267996892
"پازل چوبی سفید متوسط, لگو آتش‌نشانی نارنجی کوچک",کلاه جشن تولد نارنجی خانواده,0.23319027181688126,0.9867287543655413,1.0339488227536524
"پازل چوبی سفید متوسط, پازل نقشه ایران سفید بزرگ",کلاه جشن تولد نارنجی خانواده,0.06910971717838671,0.9866457187745484,1.0338618134806645
"عروسک پارچه‌ای قرمز خانواده, لگو آتش‌نشانی نارنجی کوچک",کلاه جشن تولد نارنجی خانواده,0.10135358204027732,0.9866095340117836,1.033823897090069
"توپ بسکتبال آبی متوسط, لگو آتش‌نشانی نارنجی کوچک",کلاه جشن تولد نارنجی خانواده,0.05634422801804776,0.9865125240847784,1.0337222447368983
"ماشین سرعتی زرد کوچک, عروسک پارچه‌ای قرمز خانواده",کلاه جشن تولد نارنجی خانواده,0.040222295587102455,0.9865047233468287,1.0337140706933388
"پازل چوبی سفید متوسط, عروسک خرسی سبز خانواده",کلاه جشن تولد نارنجی خانواده,0.17827665896335423,0.9863013698630136,1.0335009856947885
"سرباز اسباب‌بازی صورتی خانواده, عروسک خرسی سبز خانواده",کلاه جشن تولد نارنجی خانواده,0.027401782766589635,0.9861386138613861,1.0333304409776771
"عروسک خرسی زرد کوچک, لگو آتش‌نشانی نارنجی کوچک",کلاه جشن تولد نارنجی خانواده,0.022999889952679653,0.9858490566037736,1.0330270269094202
"لگو آتش‌نشانی نارنجی کوچک, فیگور بتمن نارنجی بزرگ",کلاه جشن تولد نارنجی خانواده,0.05623418069770001,0.9855351976856317,1.0326981482206337
"لگو آتش‌نشانی نارنجی کوچک, سرباز اسباب‌بازی صورتی خانواده",کلاه جشن تولد نارنجی خانواده,0.03741608891823484,0.9855072463768116,1.0326688592972888
"پازل نقشه ایران سبز متوسط, عروسک خرسی سبز خانواده",کلاه جشن تولد نارنجی خانواده,0.036920875976669966,0.9853157121879588,1.0324681592080238
"لگو آتش‌نشانی نارنجی کوچک, عروسک خرسی سفید بزرگ",کلاه جشن تولد نارنجی خانواده,0.0677891493342137,0.9848121502797761,1.0319404992611076
"توپ بسکتبال چندرنگ بزرگ, فیگور بتمن نارنجی بزرگ",کلاه جشن تولد نارنجی خانواده,0.024760647078243644,0.9846827133479212,1.0318048681033858
"لگو آتش‌نشانی نارنجی کوچک, لگو آتش‌نشانی قرمز متوسط",کلاه جشن تولد نارنجی خانواده,0.027786948387806758,0.9844054580896686,1.0315143447487107
"پازل چوبی سفید متوسط, لگو آتش‌نشانی قرمز متوسط",کلاه جشن تولد نارنجی خانواده,0.02079894354572466,0.9843749999999999,1.0314824290821032
فیگور مرد عنکبوتی آبی خانواده,کلاه جشن تولد نارنجی خانواده,0.036315615714757346,0.9836065573770493,1.0306772125098302
"ماشین سرعتی زرد کوچک, فیگور بتمن نارنجی بزرگ",کلاه جشن تولد نارنجی خانواده,0.022064487729723782,0.982843137254902,1.0298772587909704
بلوک‌های خانه چندرنگ بزرگ,کلاه جشن تولد نارنجی خانواده,0.049576317816661164,0.9825517993456925,1.0295719788577384
لگو ماشین چندرنگ متوسط,کلاه جشن تولد نارنجی خانواده,0.02426543413667877,0.9821826280623608,1.0291851408213415
فیگور مرد عنکبوتی چندرنگ بزرگ,کلاه جشن تولد نارنجی خانواده,0.028997468911632,0.9813780260707635,1.028342034467831
عروسک خرسی زرد کوچک,کلاه جشن تولد نارنجی خانواده,0.03653571035545285,0.9793510324483776,1.02621803872906
بلوک‌های خانه بنفش خانواده,کلاه جشن تولد نارنجی خانواده,0.03130846263893474,0.9793459552495698,1.02621271856006
"لگو آتش‌نشانی نارنجی کوچک, پازل نقشه ایران سبز متوسط",کلاه جشن تولد نارنجی خانواده,0.04935622317596566,0.9792576419213974,1.0261201789829035
عروسک خرسی سفید بزرگ,کلاه جشن تولد نارنجی خانواده,0.10691097171783867,0.9788413098236776,1.0256839232435147
توپ بسکتبال آبی متوسط,کلاه جشن تولد نارنجی خانواده,0.08644217013315726,0.9775980087118855,1.0243811237505656
فیگور شرک صورتی کوچک,کلاه جشن تولد نارنجی خانواده,0.19373830747221304,0.9775124930594115,1.0242915157323422
توپ بسکتبال چندرنگ بزرگ,کلاه جشن تولد نارنجی خانواده,0.24402993287113459,0.9762271626678406,1.0229446756414515
سرباز اسباب‌بازی صورتی خانواده,کلاه جشن تولد نارنجی خانواده,0.060526026191262246,0.9760425909494232,1.0227512712128008
ماشین سرعتی زرد کوچک,کلاه جشن تولد نارنجی خانواده,0.21228128095080884,0.975720789074355,1.0224140694555655
پازل نقشه ایران سفید بزرگ,کلاه جشن تولد نارنجی خانواده,0.15681743149554309,0.9753593429158111,1.0220353262310857
عروسک خرسی سبز خانواده,کلاه جشن تولد نارنجی خانواده,0.4054143281611093,0.9752481800132363,1.0219188436093496
کلاه جشن تولد نارنجی خانواده,عروسک خرسی سبز خانواده,0.4054143281611093,0.4248154981549816,1.0219188436093496
فیگور بتمن نارنجی بزرگ,کلاه جشن تولد نارنجی خانواده,0.08842302189941675,0.9751213592233011,1.0217859537894531
"لگو آتش‌نشانی نارنجی کوچک, ربات جنگجو سبز بزرگ",کلاه جشن تولد نارنجی خانواده,0.025200836359634642,0.9744680851063829,1.0211014171311925
عروسک پارچه‌ای قرمز خانواده,کلاه جشن تولد نارنجی خانواده,0.16149444261032245,0.9744355909694555,1.0210673679819469
کتاب قصه‌های کهن سبز متوسط,کلاه جشن تولد نارنجی خانواده,0.06701881809177947,0.9744,1.021030073800738
ربات جنگجو سبز بزرگ,کلاه جشن تولد نارنجی خانواده,0.041762958071970946,0.9743260590500642,1.0209525943943651
پازل چوبی سفید متوسط,کلاه جشن تولد نارنجی خانواده,0.37757235611312867,0.974300724123243,1.020926047060414
کلاه جشن تولد نارنجی خانواده,لگو آتش‌نشانی نارنجی کوچک,0.5356003081324969,0.5612315498154982,1.017743183630699
لگو آتش‌نشانی نارنجی کوچک,کلاه جشن تولد نارنجی خانواده,0.5356003081324969,0.9712632209139892,1.017743183630699
لگو آتش‌نشانی قرمز متوسط,کلاه جشن تولد نارنجی خانواده,0.043413667877187194,0.970479704797048,1.0169221722198774
بادکنک رنگی نارنجی خانواده,کلاه جشن تولد نارنجی خانواده,0.030428084076152745,0.9701754385964912,1.016603345309769
پازل نقشه ایران سبز متوسط,کلاه جشن تولد نارنجی خانواده,0.08165511169803015,0.9655172413793103,1.0117222292912584
